client_id,predicted_probability,risk_group
8942,0.1633735388496084,Low
17619,0.2321072219150316,Medium
27896,0.08267834506518082,Low
16104,0.2969080493961162,Medium
4423,0.23679247351898583,Medium
3834,0.10848590773099312,Low
26190,0.09070192105329578,Low
25055,0.24217667249544794,Medium
23469,0.48124422140190937,High
11872,0.25170520408651276,Medium
4907,0.053486762781846844,Low
29235,0.26427206017717375,Medium
6860,0.24210053099551948,Medium
9858,0.6553940388485766,High
6974,0.4775392752977186,High
15111,0.5167813639829331,High
14304,0.2932938452928145,Medium
23989,0.22935376486870823,Medium
29541,0.24831083502849913,Medium
23150,0.08946784684518504,Low
16871,0.382406179820944,High
19454,0.28911508736692,Medium
17520,0.3261502108804097,High
3007,0.22000854388597077,Medium
4061,0.021121026313678824,Low
23202,0.010798950654591497,Low
14166,0.14223643915097872,Low
22689,0.6481357650902098,High
1421,0.2004330614145741,Low
3887,0.1915726810756043,Low
15162,0.20141578005107436,Low
20108,0.21724708701211948,Low
20239,0.585639011134111,High
23452,0.4232518139828328,High
20325,0.10182717559655523,Low
9001,0.19155370511227623,Low
24438,0.17309380644636482,Low
436,0.3205435468952878,High
21358,0.26068813206579367,Medium
25784,0.08746726516598673,Low
18782,0.34680736584954164,High
22399,0.07439393552907309,Low
13731,0.44103246294671045,High
2799,0.058879949017233014,Low
18445,0.4756829156149549,High
1096,0.10369121867384107,Low
9340,0.4379795962358832,High
18189,0.2538617986891256,Medium
14969,0.15448363141372243,Low
18906,0.04317201747559524,Low
27940,0.315330913261079,High
470,0.13295120496618515,Low
27741,0.2144976048293603,Low
2752,0.12883215920817978,Low
29188,0.15325456492519957,Low
25619,0.03480113852330734,Low
27098,0.06079439318819408,Low
11738,0.25266714063764106,Medium
13354,0.26684876986509565,Medium
23872,0.05111971863192986,Low
8023,0.20927270450212324,Low
8761,0.24220451362588286,Medium
25706,0.14874789780572764,Low
13083,0.11934676709373064,Low
22593,0.2956935803558681,Medium
27573,0.09037329447791419,Low
3085,0.11728439196863649,Low
12702,0.13803848954357928,Low
7392,0.0989921649587708,Low
16793,0.5583211491457778,High
376,0.2871107993225919,Medium
11648,0.12980383350006133,Low
13955,0.23490606246856113,Medium
17143,0.3100022422800605,High
15489,0.3615971999293935,High
25616,0.1938981930150544,Low
16630,0.17722637008767889,Low
8412,0.12643507183201125,Low
2375,0.722813597323361,High
9247,0.4741474310676261,High
6170,0.05111971863192986,Low
29430,0.23243818149559728,Medium
8537,0.16973034438051285,Low
4787,0.211396108744175,Low
16854,0.8060448493790764,High
5114,0.5850325521148204,High
2670,0.07467234997039222,Low
10967,0.25476660133649465,Medium
25156,0.4788865593142357,High
13204,0.1958823428502931,Low
20564,0.18400629503029511,Low
16595,0.1820385269297036,Low
17982,0.14521903743334547,Low
24155,0.553897032409844,High
28587,0.13535034632128884,Low
28958,0.20834590455148266,Low
28077,0.593080256370359,High
27290,0.0647560131375621,Low
16613,0.5541680307905946,High
23464,0.11922938933314066,Low
11667,0.39047576562044756,High
6186,0.14546097340384218,Low
15765,0.20459363272120437,Low
5466,0.25621106052504744,Medium
27365,0.24360913262434417,Medium
25855,0.1081756469958005,Low
7421,0.20950182017974608,Low
248,0.19480278097372408,Low
20363,0.19404929658485723,Low
28217,0.17619247954554,Low
2666,0.1923064239248153,Low
13351,0.08386442720663115,Low
12771,0.15874792916004715,Low
14523,0.21742897234760086,Low
13462,0.24727891100828428,Medium
6854,0.06363293111049159,Low
12026,0.16362465962026973,Low
878,0.08476577605329609,Low
25091,0.06410070466407942,Low
10589,0.1032685798786024,Low
29671,0.4428106563211934,High
25141,0.30092963004864465,High
16656,0.23939968900572745,Medium
28815,0.09836451861432012,Low
6279,0.2797987893225809,Medium
11587,0.15150756987223923,Low
18611,0.13568097993532427,Low
1639,0.4208614835781333,High
8951,0.028718370594528225,Low
4776,0.21734770691631133,Low
16841,0.20536227532853327,Low
20579,0.23143657377084917,Medium
26786,0.5004375447801626,High
23384,0.13291628862378077,Low
12460,0.1361581878625792,Low
6435,0.6855101552203925,High
27278,0.4687600543652338,High
25345,0.17842910631067682,Low
11813,0.06209289372661801,Low
17896,0.27255234036092973,Medium
4067,0.09792811579514744,Low
14722,0.026741556567374664,Low
26330,0.2745173186824896,Medium
23968,0.08215680557586988,Low
13300,0.22807373778454346,Medium
16687,0.512969581385722,High
11625,0.09064180118850697,Low
7018,0.2377739628294048,Medium
28991,0.0610956828703727,Low
4275,0.19828864292659037,Low
15744,0.056762470293398704,Low
2841,0.1047353317066807,Low
14715,0.2342006542670507,Medium
11493,0.16690045390198394,Low
1206,0.11705378192383441,Low
2059,0.5355568268370102,High
21002,0.3964562855149878,High
674,0.7754391865369334,High
4511,0.12288384562688442,Low
15042,0.0553486337313093,Low
12278,0.23960655619110868,Medium
22922,0.11111141455696143,Low
21649,0.04206429402465802,Low
8225,0.47419378171806087,High
17473,0.2057179680298644,Low
25089,0.042307265351600815,Low
26255,0.2376237435170132,Medium
14221,0.5769706252076748,High
20285,0.45602524277271833,High
12255,0.14665710423913675,Low
13139,0.17919908588835945,Low
18702,0.18765812730549217,Low
4791,0.42860894963552426,High
8122,0.1837368028575351,Low
16730,0.45767023688570196,High
23676,0.28705103545958305,Medium
17442,0.3688301856196731,High
22834,0.14617896578803216,Low
5677,0.1797777025679517,Low
5577,0.052607339739858074,Low
24667,0.4738774931631892,High
21024,0.26920286787868575,Medium
5119,0.17205240422011647,Low
17062,0.426726451369837,High
16582,0.9069660416308932,High
9784,0.11610260774653217,Low
16686,0.24856406118972196,Medium
1090,0.17541413511107812,Low
29365,0.06479550161472047,Low
28803,0.10560209500125974,Low
9651,0.7082691144154735,High
7157,0.22071880149175696,Medium
26658,0.25714025266189416,Medium
15591,0.18381649333854883,Low
21597,0.11178038854779794,Low
19239,0.04586499336196001,Low
27457,0.142445412912726,Low
3647,0.034421980134455375,Low
22802,0.212272427055789,Low
12083,0.127536352982153,Low
28458,0.08087850939267416,Low
20372,0.2277665058012015,Medium
23042,0.019271263800410735,Low
7040,0.2025755355171603,Low
3284,0.18267090902248578,Low
27343,0.17863767053511817,Low
16546,0.22401779289048582,Medium
1656,0.10567370471335205,Low
8696,0.18821748816480108,Low
5350,0.36101679103134343,High
10754,0.19504251267689615,Low
11795,0.4074847403460674,High
10041,0.06576486407880755,Low
15034,0.5858054002262223,High
21959,0.22539595678987534,Medium
2019,0.2226298353781669,Medium
15085,0.2202810693515981,Medium
4209,0.5878774456355457,High
22515,0.1728064346378127,Low
17496,0.22905863250901948,Medium
4558,0.27519135675272854,Medium
28485,0.25663676118135326,Medium
20884,0.22102332528866162,Medium
22744,0.24160277200092556,Medium
16705,0.5116047625072201,High
4565,0.049226403995191674,Low
19300,0.09321892382453266,Low
28488,0.22777455321656587,Medium
22071,0.17495698156844014,Low
27270,0.11507813472112347,Low
16888,0.21005160566930914,Low
20035,0.05933333274084304,Low
15775,0.5421077802989709,High
14629,0.23389434070799037,Medium
1675,0.09691973985108968,Low
15526,0.17895843472488357,Low
5217,0.21027125162305516,Low
2786,0.2267282665651212,Medium
13793,0.23859938701465203,Medium
2774,0.17834803750299086,Low
28500,0.041209052185331475,Low
11603,0.32154441503129416,High
20538,0.0766079035489316,Low
16170,0.2204238451710217,Medium
22486,0.265837093608699,Medium
18503,0.11470027560448844,Low
23221,0.1421394628554994,Low
7342,0.2306090059624567,Medium
5936,0.2144213680625586,Low
12499,0.23988460215839216,Medium
3152,0.42111675432311546,High
13124,0.22715601488110104,Medium
25175,0.3778782943785208,High
12597,0.22960638941340794,Medium
11533,0.2185962088595223,Low
12901,0.26866145453461143,Medium
8784,0.23169683847474523,Medium
15524,0.1982847818089158,Low
22130,0.15012689988557343,Low
697,0.24944462941689927,Medium
23696,0.22090005506127997,Medium
25364,0.5660187403608485,High
14726,0.21418126264952786,Low
23938,0.0629918657242264,Low
28078,0.11294027888746833,Low
4496,0.27806196893544055,Medium
12833,0.20401427085493862,Low
11413,0.2691268974814199,Medium
22081,0.4829958925709595,High
24085,0.19462691476610688,Low
20096,0.18961444286253118,Low
26090,0.11943096647655073,Low
28058,0.6076512069593093,High
789,0.22936744998374356,Medium
26305,0.1791553854267262,Low
6730,0.47799970812534054,High
16485,0.05723894105636118,Low
4088,0.18766828705694985,Low
22690,0.1649933292213261,Low
17079,0.2166214241343075,Low
18190,0.22420571106132847,Medium
18691,0.26760029570905847,Medium
28654,0.08839568191878296,Low
7885,0.18765029698799343,Low
21490,0.10652329499481297,Low
16717,0.041531227364921264,Low
11150,0.4216772644348084,High
9723,0.04202162862687789,Low
19247,0.6040313299959118,High
655,0.2413053819895591,Medium
27369,0.3945975390875048,High
22671,0.07060502243339503,Low
18430,0.45966831598151,High
25688,0.03548857633740363,Low
14839,0.14097494867045438,Low
8318,0.26607344134554267,Medium
4188,0.25098877019049687,Medium
27579,0.2557580793378735,Medium
6952,0.4073315934960314,High
26020,0.13206676041460982,Low
4872,0.2615237499748709,Medium
4478,0.24019190060072557,Medium
21153,0.2240126558594928,Medium
24401,0.6274257827757727,High
23974,0.25093154905624315,Medium
14799,0.21383482583745636,Low
27276,0.10348777785976378,Low
10151,0.05137985784991539,Low
11398,0.11265703187246143,Low
24750,0.2380996587978506,Medium
66,0.06144944259138588,Low
28781,0.059830123721839795,Low
27169,0.2755841307318475,Medium
2750,0.3276274140990994,High
13084,0.7594924522626406,High
4042,0.3085507528529038,High
4844,0.4586118158407598,High
14951,0.6752221091989697,High
5044,0.1726959489024156,Low
18708,0.39868273691490597,High
27134,0.10350391543418985,Low
26912,0.22765598315027885,Medium
13574,0.08815364684363337,Low
14258,0.17069774990858752,Low
12627,0.2238910331840448,Medium
12180,0.09830476948288203,Low
11488,0.1967891816571611,Low
9495,0.49795461606219665,High
728,0.041723050662308074,Low
2474,0.24616114787928858,Medium
11242,0.23512495723313792,Medium
17712,0.17329730395488047,Low
16132,0.2528603551769781,Medium
2033,0.12277649195496901,Low
11512,0.28624598450860567,Medium
19825,0.7599894643195497,High
11878,0.1808642351425828,Low
20090,0.13542332805720214,Low
14309,0.008261726039514883,Low
10093,0.07255499067134379,Low
1047,0.19161968372709878,Low
15161,0.41942997886535743,High
6178,0.20224074391357355,Low
101,0.05567510716763254,Low
19991,0.1286287790460836,Low
14413,0.32198479663846974,High
3868,0.19122043445254577,Low
12712,0.20848616359859481,Low
7259,0.19044545510332397,Low
3058,0.2426283355816174,Medium
5694,0.2213232054067846,Medium
8857,0.6570073544476358,High
13288,0.3778615750373136,High
22781,0.236002599018516,Medium
28513,0.09217425921493898,Low
9582,0.21807667691356766,Low
21633,0.14872472111569948,Low
2781,0.10721527563626837,Low
13196,0.2229484815040766,Medium
21917,0.6281490142040511,High
28619,0.016711593021800794,Low
7347,0.1357569313451627,Low
23751,0.2008356451984629,Low
27731,0.720011926006979,High
14646,0.21712722371208668,Low
19391,0.11109937008717961,Low
13780,0.06652817593804633,Low
9336,0.09736268724228217,Low
11170,0.07509581123759039,Low
7910,0.20601648800964661,Low
23996,0.43360991071753824,High
6202,0.12641606160768257,Low
9695,0.6064286966348374,High
8773,0.9785249963897976,High
21166,0.7152781671762083,High
7445,0.20449713299923233,Low
26476,0.3638677821581067,High
25083,0.1861151259697541,Low
1234,0.13729974561632696,Low
7779,0.26676097131359516,Medium
25378,0.11850786429095457,Low
18701,0.27217877062024337,Medium
27291,0.24366161965836053,Medium
19337,0.15783621003689532,Low
9809,0.091080734188947,Low
7370,0.25438921995844677,Medium
703,0.19817004671713867,Low
9889,0.2170678890878719,Low
8649,0.23490969843263165,Medium
22548,0.04844537212204788,Low
1271,0.24821197665567055,Medium
16284,0.15628759649053448,Low
757,0.15719017115830608,Low
20257,0.22624623490101814,Medium
25622,0.20405485384216115,Low
25836,0.16414316363761486,Low
24400,0.04690921690711839,Low
7725,0.15651659076342547,Low
2509,0.25005201550255174,Medium
11462,0.08242323131693996,Low
25931,0.1234494124214888,Low
25163,0.6080939452500753,High
21825,0.07545338991483524,Low
26849,0.5148834310613006,High
21812,0.7327623153329283,High
28506,0.125438765216494,Low
5730,0.229272888971742,Medium
13343,0.05261436662146918,Low
2188,0.38702338076877196,High
23684,0.058317777915186754,Low
1976,0.2019190974969284,Low
17665,0.21123015178888307,Low
256,0.2636403608167942,Medium
29279,0.17695492105256275,Low
4777,0.21533332951123926,Low
21843,0.16845764968969576,Low
18486,0.17141938820341032,Low
20658,0.21229519806670555,Low
15642,0.07035688229958548,Low
11306,0.24678018595571946,Medium
22727,0.2590385390163525,Medium
13981,0.04518163446562609,Low
18410,0.45253685330582066,High
11634,0.10204597929057227,Low
24743,0.09695420352856947,Low
4841,0.740801093928114,High
22951,0.15531012736663447,Low
27617,0.22688883445705824,Medium
15924,0.1589978535033204,Low
13386,0.21172739622205172,Low
3290,0.15154342002353016,Low
17556,0.05290794778624737,Low
15675,0.3164886854157934,High
25037,0.11396232262385601,Low
2564,0.2548290733630515,Medium
369,0.29247842830428805,Medium
14467,0.09824950041214699,Low
23541,0.0727404990434125,Low
29650,0.041768680434204356,Low
25827,0.14457957595038065,Low
295,0.2721909315436707,Medium
3035,0.02075014844537739,Low
4502,0.23953580756701953,Medium
25817,0.108223811833123,Low
24660,0.15315937658017278,Low
10450,0.23709850386519424,Medium
3246,0.5084048492728388,High
4358,0.27030757345356016,Medium
3676,0.2634124604542255,Medium
3726,0.4524066148869565,High
2319,0.22428257038165247,Medium
21928,0.09625057705787506,Low
16469,0.2483849571953668,Medium
24709,0.5173553922380926,High
23006,0.24881618814616482,Medium
9068,0.3119909101314659,High
12170,0.3141922909366605,High
17136,0.17219601773206286,Low
5457,0.15839382140429822,Low
4332,0.06927218242057333,Low
13899,0.20056023392757089,Low
21356,0.25942352003810903,Medium
17455,0.1526478829766313,Low
459,0.09389685429291536,Low
13306,0.14650928595360188,Low
9062,0.43288235638551686,High
2998,0.13355501823967017,Low
15220,0.12752525392605438,Low
5553,0.3384390023854647,High
1500,0.38223690982117237,High
19332,0.23108888336014902,Medium
20913,0.060150711010253856,Low
19800,0.05871228047301676,Low
2573,0.09879125184089071,Low
18134,0.11903192594717964,Low
27181,0.053484850790164865,Low
5460,0.018630364608323163,Low
28415,0.16720547101904282,Low
9396,0.255047880334012,Medium
24759,0.5241342532743545,High
1355,0.24293355609984843,Medium
17586,0.6630092643556892,High
7327,0.17790044661535825,Low
10140,0.17079430538334342,Low
9337,0.41286041486416813,High
15297,0.2819675409838788,Medium
1177,0.21775316539597564,Low
24333,0.5795800105254939,High
15693,0.20757957160972698,Low
28117,0.2166324219843136,Low
8918,0.21074157862925186,Low
26910,0.16975028530128528,Low
11152,0.686341606987932,High
8663,0.03125525160735206,Low
3122,0.03257100544615787,Low
2675,0.21262509068893654,Low
28417,0.17819159686203717,Low
20965,0.09075974953754691,Low
3332,0.18861142086407875,Low
29885,0.26071583855509534,Medium
12377,0.17472939418113553,Low
14976,0.24095402672610192,Medium
29469,0.13048511079855699,Low
23403,0.23236752442532535,Medium
13092,0.16467477786428164,Low
2488,0.33202002850580087,High
25847,0.21027001716251875,Low
24074,0.22673770588941997,Medium
5987,0.10995208519622844,Low
20654,0.11899035623504324,Low
1516,0.26245595096250524,Medium
3409,0.0679296386492629,Low
17770,0.10934652466282496,Low
9325,0.0827192971799951,Low
12247,0.12386230848213164,Low
6162,0.04681721603692353,Low
4983,0.23705600779098507,Medium
13873,0.44085441756744975,High
23305,0.24198686564351984,Medium
22341,0.1837987173055484,Low
19750,0.04286172983355738,Low
13162,0.16136321793641975,Low
18601,0.10291530369118981,Low
16461,0.24455085757474884,Medium
29135,0.02449308342155756,Low
14422,0.11017868804026677,Low
17030,0.19633194192542355,Low
7717,0.18604240990265106,Low
7470,0.19406212584841825,Low
26310,0.12184939635827911,Low
23894,0.045645715100176336,Low
29280,0.1172051842807446,Low
6573,0.22022045015621927,Medium
17217,0.12559431365554882,Low
13713,0.9928470586190765,High
23227,0.0257688332867276,Low
25180,0.17708969010568373,Low
6998,0.1392610298408605,Low
15795,0.24266518549184699,Medium
22386,0.10539106276204294,Low
13850,0.16814633990677744,Low
8081,0.1814077424283685,Low
19372,0.1538902300358357,Low
781,0.265966881505862,Medium
3780,0.21755136874491793,Low
18539,0.20055371492413218,Low
1491,0.089670282079631,Low
15209,0.16040181123801794,Low
8958,0.08521073671613406,Low
19006,0.16864354398748296,Low
7170,0.23546691833445657,Medium
21102,0.2556036563828229,Medium
27239,0.25096092374698015,Medium
26763,0.28602771112926423,Medium
25397,0.08599739126404617,Low
11336,0.05663422856590811,Low
17993,0.042956694179453754,Low
26969,0.14166482466903793,Low
6492,0.18357985592214576,Low
3132,0.07016583501167216,Low
17760,0.14527870307764804,Low
25811,0.07868529095512715,Low
15981,0.46419489776099154,High
11196,0.22139718389528182,Medium
18395,0.051189512561512295,Low
24410,0.2893923054600893,Medium
10837,0.24209477443636002,Medium
16491,0.27402677121963076,Medium
2074,0.06584512829561963,Low
203,0.09107608338724062,Low
14791,0.2844814664255009,Medium
921,0.23808939885057198,Medium
6745,0.2707346382099702,Medium
24033,0.27726570991473565,Medium
25080,0.17991874193779953,Low
17169,0.18714629040728295,Low
27481,0.03621160834264477,Low
2504,0.11660742831149104,Low
5002,0.08008983252885106,Low
26204,0.0522602367993474,Low
3819,0.2687222275176582,Medium
23273,0.3053966877502594,High
11711,0.23483833730083303,Medium
19811,0.09760234767563003,Low
3762,0.28431195600633236,Medium
2396,0.2110898208822739,Low
298,0.18101723496448388,Low
8215,0.05206241673712843,Low
9038,0.4360686629043105,High
24271,0.21542673524542374,Low
1615,0.12366868785830437,Low
3697,0.20585838615071736,Low
16707,0.10796700766807672,Low
17725,0.597336079264501,High
7336,0.08348252796208268,Low
13575,0.24271603858804092,Medium
15239,0.17105538845634924,Low
29994,0.08530845306560637,Low
3349,0.48700162593333013,High
4885,0.28956809546547496,Medium
9677,0.594964919096744,High
10071,0.15220231327640985,Low
1005,0.04157069332277722,Low
5328,0.20986718637012153,Low
2671,0.03800628836165129,Low
8306,0.2906584920924484,Medium
7093,0.18334321406786136,Low
12370,0.6006802689444104,High
26496,0.13364108520294218,Low
27729,0.16861870691836645,Low
28140,0.04270097296713703,Low
11956,0.04770816976875874,Low
15520,0.1703633484060851,Low
22117,0.04510241233931332,Low
6152,0.19319014724254166,Low
24393,0.07966762191384408,Low
19618,0.0426152270797223,Low
24989,0.5182633271052051,High
12560,0.19863753762691025,Low
5288,0.22300926347208241,Medium
20361,0.18895141622324563,Low
22895,0.05101383412332894,Low
23342,0.4322347148971736,High
19075,0.16415624126925493,Low
6498,0.17501001228651597,Low
21820,0.23471648794368807,Medium
22408,0.17642514389164476,Low
10020,0.248944173141766,Medium
26894,0.2135528707325057,Low
9525,0.2762006453764889,Medium
8144,0.13678346521589724,Low
21213,0.6268573084825495,High
1934,0.1683428416782039,Low
23895,0.11498037922022018,Low
28527,0.11469566127648775,Low
6113,0.04687833614283995,Low
9282,0.1098865057328473,Low
10177,0.17741161549445417,Low
3584,0.6662085943246467,High
2171,0.2109532144197133,Low
7205,0.0546988357887276,Low
22358,0.038228003281273584,Low
2444,0.41277977797120796,High
8379,0.16703183536433588,Low
4079,0.12582437030466853,Low
22921,0.15387988383694687,Low
20164,0.9113854946796135,High
8915,0.17139394385526058,Low
11879,0.19047117288406376,Low
24775,0.18645945190950816,Low
14365,0.14826527415180896,Low
21921,0.17555122276150542,Low
1197,0.21491915285513777,Low
27986,0.1746782496716283,Low
1685,0.2025220271387677,Low
17177,0.1167193296792456,Low
28164,0.43667599907310306,High
17981,0.23827938292243142,Medium
25853,0.04980566003268331,Low
18253,0.3841872235302239,High
7711,0.2148587112453919,Low
11933,0.12684423764609953,Low
13904,0.27745993141073205,Medium
9524,0.26673365660506126,Medium
24817,0.15084227638586833,Low
24118,0.11659828787264132,Low
21499,0.05912331575238418,Low
21504,0.188347279830417,Low
20746,0.12186744816998432,Low
22129,0.1745592227080214,Low
24988,0.21192612857621004,Low
12390,0.25633293838931137,Medium
5937,0.08521037843235488,Low
24014,0.5626509109589615,High
3375,0.12958614711966332,Low
3102,0.04612524552059146,Low
26393,0.09311096690163977,Low
12211,0.23342561767282197,Medium
27626,0.09873477139553723,Low
21113,0.22852873145273345,Medium
22190,0.14770378590885944,Low
28788,0.22214338938710387,Medium
23897,0.11131146378638578,Low
18964,0.11784404247921046,Low
7660,0.4955200538805779,High
1023,0.03542882588083949,Low
247,0.17482159625293592,Low
19580,0.11992865614269738,Low
3574,0.2900248438350439,Medium
26091,0.1497675303896745,Low
26524,0.13719396648725235,Low
24996,0.09260169363912374,Low
13944,0.13797574182211186,Low
25564,0.07328268904933839,Low
14589,0.7315332295192111,High
9135,0.18735661248304178,Low
20025,0.11889670149179199,Low
7891,0.1306681018994386,Low
22312,0.1611251952132141,Low
22861,0.18790649334434217,Low
22287,0.35300587902182123,High
21133,0.031374511155677916,Low
12542,0.3668833514481814,High
6223,0.1969909665237647,Low
17855,0.20264630309223833,Low
27059,0.21530866369447274,Low
23352,0.11541130247884886,Low
24310,0.12701671948432539,Low
29839,0.2287718591370358,Medium
1836,0.4420164323415612,High
21250,0.05734371205141495,Low
16371,0.11617594037712282,Low
10972,0.1723055620907925,Low
8149,0.32341178693707157,High
5413,0.29084669375518246,Medium
24549,0.2196027109592038,Low
6883,0.07025714127927515,Low
12540,0.05580350050860288,Low
10215,0.24490236303849955,Medium
5797,0.05429293822331056,Low
12836,0.2274158560707994,Medium
28474,0.27172712767710233,Medium
25396,0.09963024532894074,Low
15202,0.6925837575728232,High
18485,0.15314896787450855,Low
15283,0.14984858767451031,Low
15213,0.21489244796923707,Low
3954,0.15932006675542906,Low
11576,0.22846437292826818,Medium
392,0.26975349279013305,Medium
4784,0.21498347499665924,Low
4270,0.2700299868664164,Medium
1094,0.2589154187872402,Medium
2046,0.5703795072961048,High
28624,0.26334514244767626,Medium
21381,0.6582313786056517,High
8841,0.12483305686582058,Low
9178,0.21736629528695925,Low
22827,0.17799094252816913,Low
27558,0.012669580876742964,Low
29691,0.055165659786844956,Low
8404,0.03159199481200637,Low
22764,0.15450471877982425,Low
23782,0.5334393552709129,High
29171,0.39994023951988744,High
4679,0.1635597345019631,Low
715,0.04402363596545257,Low
2292,0.44148282542275014,High
19687,0.5644230650707333,High
26820,0.05123601595549636,Low
12087,0.28301569824574085,Medium
25852,0.49359276410586017,High
1740,0.27843371426714447,Medium
20076,0.08482782454242313,Low
22148,0.3563069842042279,High
1758,0.04644632638902671,Low
2013,0.5395525454312935,High
10069,0.15552507296611567,Low
25072,0.4979904354247514,High
7627,0.23606986819672607,Medium
7223,0.06895718821533431,Low
11030,0.10914378689569747,Low
25806,0.055718177069150124,Low
24939,0.563867077767798,High
24547,0.1132795219598267,Low
24501,0.35132886613697434,High
20145,0.14897715340584897,Low
5681,0.15180531854291804,Low
19212,0.2846482909487633,Medium
8731,0.271049163227444,Medium
7864,0.2527072121965576,Medium
26766,0.12152166907616622,Low
29062,0.21129850615057785,Low
21589,0.039410043925602545,Low
19838,0.025311862826481013,Low
8754,0.1995012698235369,Low
23030,0.040939869057120444,Low
10095,0.11904342387847738,Low
12747,0.21749501843038685,Low
22698,0.045004823044272904,Low
6733,0.2209700975230635,Medium
15243,0.2252153339515885,Medium
27941,0.1739177112510502,Low
5314,0.3164419875839003,High
18358,0.2954859654132147,Medium
10449,0.25959378234066716,Medium
1844,0.06577105964298124,Low
28756,0.1675862836862851,Low
12459,0.10279979521024708,Low
3257,0.5655691428976544,High
10936,0.17391780246696537,Low
8475,0.04754353450998902,Low
18873,0.294638785034509,Medium
27808,0.053815122287303604,Low
26201,0.09913679360820349,Low
10954,0.21427738104439845,Low
7414,0.1276631203854123,Low
9044,0.3036121449263042,High
1079,0.12360307206428278,Low
14594,0.24778584379998383,Medium
7207,0.1421003979094916,Low
588,0.10114266568047772,Low
12742,0.13269706597857422,Low
20473,0.47610768373369494,High
29793,0.12076925234888974,Low
4805,0.26964788983238475,Medium
1666,0.24978185246283938,Medium
9183,0.23278221991371198,Medium
23279,0.09816445952711941,Low
10963,0.11698455779278104,Low
5329,0.10733744002230573,Low
23468,0.04612222911430527,Low
26160,0.056902030919855635,Low
22409,0.15789729857676346,Low
5050,0.23819830281843354,Medium
5143,0.22577769520260274,Medium
4349,0.1429853009113709,Low
12819,0.19093564309919078,Low
9431,0.3085962637965236,High
15317,0.2587718128891725,Medium
8184,0.20457727320730085,Low
12872,0.1511283952542091,Low
27186,0.23656989996041033,Medium
13795,0.03290069133140347,Low
23028,0.04136066549689088,Low
25851,0.050735521351344126,Low
974,0.060294910450809716,Low
9421,0.10781007407287378,Low
3752,0.10602783305738755,Low
5251,0.22843522938546276,Medium
8834,0.18687399455934495,Low
8903,0.15471773793818902,Low
6026,0.13676549516207764,Low
27321,0.46493834322486904,High
25129,0.1669275563207037,Low
13633,0.19930940800942645,Low
13998,0.48975562499001063,High
13137,0.25256970094158615,Medium
22125,0.6959761170491292,High
12303,0.39928947763407285,High
24729,0.20965107347963852,Low
4058,0.24650301731156057,Medium
19728,0.172182226511669,Low
12313,0.06265789903312768,Low
5367,0.395085875505579,High
21979,0.13793174729225408,Low
21976,0.11752226382004892,Low
9478,0.2109236553938855,Low
5835,0.1449731369447828,Low
22812,0.1946802962035407,Low
6674,0.49172446760187727,High
16766,0.23973543561466662,Medium
29075,0.4443215027252202,High
5489,0.10811590513822153,Low
9280,0.34791996612700166,High
13279,0.011207376500026678,Low
826,0.24528059578475947,Medium
4913,0.14276151507169457,Low
24621,0.2752161168900883,Medium
16907,0.2477320337794244,Medium
15248,0.2389089025553992,Medium
24528,0.5094691846163161,High
26792,0.19291603303583807,Low
26009,0.0626899526481789,Low
29172,0.1334271325649564,Low
13114,0.13171965248271275,Low
8933,0.2928054986853395,Medium
17990,0.24404932275555397,Medium
16543,0.885384504378475,High
7068,0.6512549504540952,High
5668,0.08997828487284457,Low
23908,0.25399212595303844,Medium
23415,0.339646068644066,High
12741,0.0576172166407025,Low
6262,0.13795359371498223,Low
28019,0.24090649858324262,Medium
9379,0.194880624390181,Low
3537,0.4740468037478717,High
4085,0.38950512911552443,High
21058,0.8172994136802967,High
263,0.12756535631631927,Low
6811,0.2652860109453842,Medium
9761,0.10690620438875835,Low
6308,0.04831762071006048,Low
19930,0.11788726388597014,Low
13766,0.24860838331267157,Medium
29809,0.2576956159454332,Medium
4778,0.2865761841473768,Medium
8219,0.21881703215431197,Low
12328,0.267208785668434,Medium
14380,0.20776795615127772,Low
12387,0.3732822529580501,High
12359,0.11744460526173174,Low
8343,0.15424799059291885,Low
26873,0.06220600399983874,Low
8209,0.11741958076790206,Low
20133,0.17152920721866352,Low
20573,0.23874862155097534,Medium
15196,0.054434545676628844,Low
13652,0.11513668235688959,Low
8072,0.1795955139105326,Low
27363,0.184792952048838,Low
29983,0.27107283815213384,Medium
22291,0.5403975352572367,High
20605,0.19332439348340708,Low
11544,0.1594157608817741,Low
26861,0.06797718230522087,Low
25098,0.21292897848797165,Low
14932,0.1285269141877474,Low
23768,0.05812930842458153,Low
9333,0.07704634962089314,Low
19516,0.2851980562565939,Medium
16425,0.15909342046377242,Low
8300,0.1683176406281853,Low
5269,0.18251794890420084,Low
26939,0.2239161050026067,Medium
10816,0.9320231772807056,High
34,0.026105538624720936,Low
5738,0.11052011548139988,Low
10847,0.15165432579971022,Low
3784,0.21012284603855755,Low
2445,0.28947089836600975,Medium
28690,0.36216073596760856,High
17411,0.22131961274485892,Medium
419,0.256261400498966,Medium
23720,0.24523591362938676,Medium
3811,0.18667600908639867,Low
4210,0.09484414309190971,Low
8768,0.25900206227246103,Medium
393,0.19524558545508738,Low
23602,0.050612493387195735,Low
27182,0.27240279489551233,Medium
15301,0.13700851128095343,Low
10141,0.25422035639635826,Medium
2255,0.1061149385792126,Low
25990,0.11552425206977554,Low
9037,0.23462220399438444,Medium
19758,0.2320869594140036,Medium
25479,0.19705144422119755,Low
6128,0.5112303990658769,High
27603,0.024214202241162577,Low
28855,0.1204077123862969,Low
20891,0.05848877969183845,Low
27599,0.05665725862990695,Low
1403,0.25747491492255525,Medium
5988,0.19700754359357878,Low
23396,0.2081515880485799,Low
4970,0.2380579781779289,Medium
23170,0.3708155497344893,High
3976,0.17435685823834388,Low
4750,0.14909661638683144,Low
12196,0.36961671688327874,High
16665,0.12114831351934033,Low
24176,0.11256114658434928,Low
11362,0.3205948506756731,High
21245,0.09770994929183491,Low
19809,0.23716012253069033,Medium
3497,0.2058588408540304,Low
19660,0.4232162266417672,High
7296,0.2781500421122386,Medium
22808,0.12890544957441916,Low
21596,0.2129501714404299,Low
10312,0.19558951649873746,Low
18392,0.2057057342021437,Low
646,0.1485784648790921,Low
12799,0.3376344071753349,High
24774,0.17674208387203183,Low
21964,0.062473455442929975,Low
20041,0.15338280596108442,Low
217,0.2533952717095514,Medium
6655,0.3097712095191719,High
24211,0.03629082967059266,Low
24962,0.20568903441799333,Low
25846,0.12159809321078917,Low
27060,0.13605203534002114,Low
2300,0.17473839728701976,Low
10796,0.048735545696885166,Low
16070,0.09201310601161744,Low
15811,0.5278044865520746,High
1038,0.1955766957492539,Low
6775,0.07156960913929736,Low
20340,0.06406584584048368,Low
5805,0.1874629571450993,Low
29101,0.05222290794588488,Low
1507,0.12040619986451279,Low
13250,0.1957176441890615,Low
20300,0.18156829445975897,Low
9053,0.0652809501674449,Low
18256,0.1215472501301981,Low
21840,0.18102620067717345,Low
22611,0.5249884983678178,High
10522,0.8128362264625701,High
6229,0.36253667621302044,High
18306,0.23376747097730136,Medium
19614,0.1004809699105317,Low
8490,0.10247039327839082,Low
24119,0.005000262689285724,Low
5997,0.23751010569438125,Medium
8260,0.18052575450515443,Low
3342,0.20096402091887045,Low
2643,0.23567631398622974,Medium
10900,0.4709792535772872,High
4862,0.2279416915281372,Medium
23985,0.0590537101621325,Low
25947,0.10043992110412298,Low
28896,0.06637652539400911,Low
26932,0.06850053838985498,Low
16394,0.10312220750611496,Low
5867,0.15155347591955198,Low
27746,0.15930972888629458,Low
20679,0.20439837884410758,Low
3100,0.20150288979244008,Low
11409,0.4363735074661175,High
3804,0.43902003409542306,High
9308,0.22479355897859832,Medium
7544,0.11580906144801459,Low
13974,0.4208222832678856,High
15374,0.21793611031945712,Low
9912,0.05042350288734104,Low
19668,0.13929255566681698,Low
3935,0.20353206868975118,Low
10118,0.270089584459865,Medium
27936,0.216029003432385,Low
4435,0.10980154694347108,Low
6194,0.4510534649058547,High
22712,0.15104768009107064,Low
27575,0.26257470519316545,Medium
22733,0.17047168571631777,Low
10739,0.13656507769838858,Low
29017,0.13148254480688687,Low
14042,0.05376938526510154,Low
9268,0.24695249647789144,Medium
10090,0.08701163761695296,Low
27005,0.21198853720123537,Low
4697,0.15612666532335442,Low
26732,0.24348928505169184,Medium
6840,0.033052026095163126,Low
7061,0.263197069493275,Medium
18296,0.048346664597207566,Low
2172,0.25530259634719504,Medium
8617,0.1525525120904856,Low
9002,0.10160888089735375,Low
17295,0.635821667491681,High
67,0.6581015755661104,High
16091,0.4438438215362536,High
12322,0.1707183435095811,Low
9133,0.16694947420769177,Low
22265,0.1945383056089331,Low
2093,0.2298880744772509,Medium
15770,0.05243462009374862,Low
19179,0.5462451162328853,High
29900,0.21759017677946085,Low
22637,0.21983239902988153,Low
23564,0.024179448645551053,Low
20071,0.18278644484524187,Low
25893,0.19127876365584204,Low
18684,0.2466693305667891,Medium
4027,0.09122618774624622,Low
11880,0.1530724578709084,Low
22635,0.2511815810586902,Medium
25361,0.11007240275662339,Low
16668,0.5135510261758162,High
10024,0.701103542559329,High
909,0.2533086783616505,Medium
11999,0.1352788008983842,Low
13474,0.1896644261164312,Low
27054,0.6489915919305868,High
13494,0.2713143897596852,Medium
18985,0.11313876854680827,Low
13397,0.18308657463093342,Low
26032,0.18288320445098996,Low
27644,0.425560545873312,High
10358,0.06621237082382384,Low
27145,0.07576282691127059,Low
2155,0.20161776747153737,Low
13051,0.5593019699363906,High
23705,0.6294733760165853,High
21750,0.18748294618168646,Low
26163,0.042501962355964096,Low
25279,0.17809529941790322,Low
20667,0.2687653323096996,Medium
22255,0.03829017121201325,Low
13797,0.05730802485310613,Low
20648,0.1720129471236247,Low
2311,0.4326488260049458,High
12273,0.18511150260672043,Low
26395,0.7150857339549882,High
6238,0.23887055779418814,Medium
17076,0.19362010340118674,Low
7322,0.07016995535606331,Low
14357,0.1455548932440384,Low
22344,0.15328246170636445,Low
11208,0.2162134682844957,Low
15120,0.533986880213952,High
10163,0.4112666018840204,High
10553,0.1474512939165092,Low
27164,0.8912402997499346,High
2330,0.2071915841706892,Low
11289,0.18888549346672973,Low
26210,0.2180028630634412,Low
29989,0.096519033874397,Low
29060,0.25390459641146024,Medium
22535,0.15332783151807752,Low
4915,0.5460368976056056,High
5455,0.22082249213740265,Medium
7669,0.038545835530474686,Low
10831,0.47042212371516334,High
6320,0.1396645945285291,Low
5396,0.08337047810485673,Low
12256,0.12987640900245995,Low
3265,0.5776298521973346,High
25940,0.17126858650423563,Low
27650,0.1968552992155199,Low
17305,0.3296768183568816,High
7144,0.28535375039064853,Medium
23287,0.15589680895737876,Low
2176,0.12627969147377374,Low
4311,0.11706743867884258,Low
28908,0.10178428617410813,Low
13601,0.1608344427712433,Low
28575,0.2962512671109711,Medium
3966,0.12855544768316382,Low
215,0.37824411721374623,High
4828,0.19087048211001661,Low
14996,0.11156095408312754,Low
6962,0.402244742786357,High
17007,0.2514738871836035,Medium
22405,0.1654948215688525,Low
25372,0.11026422917864483,Low
28248,0.2063479095564224,Low
6327,0.08654967672646652,Low
21179,0.29333309938842544,Medium
23010,0.0645899828864071,Low
19285,0.4845559862851306,High
12301,0.05049616947874673,Low
16804,0.21976909248323412,Low
23598,0.027010480220064435,Low
5593,0.7869148005637482,High
29160,0.06725393131975245,Low
11892,0.14887095441117779,Low
5520,0.2236757097340865,Medium
975,0.19335970493134502,Low
25508,0.048361151902535496,Low
1963,0.2067379637340756,Low
14737,0.2268677597392655,Medium
28333,0.13884783274949886,Low
3485,0.18864251952228747,Low
5671,0.05231375543546545,Low
25629,0.22130226635641365,Medium
10714,0.2197397937361265,Low
2521,0.18491897442440544,Low
12668,0.18430457525000646,Low
7894,0.1342584953389991,Low
18652,0.19312628547363941,Low
25178,0.5182518951287756,High
20130,0.5576747077679801,High
13842,0.1522495896726734,Low
2553,0.24863825328988792,Medium
26151,0.7599694195402783,High
28800,0.230266889305422,Medium
7335,0.27610153859757675,Medium
27903,0.20363702842582218,Low
19541,0.21353313079879474,Low
9372,0.1159332685511704,Low
16555,0.8381870885669108,High
23595,0.2241379646747887,Medium
7243,0.09358862062966018,Low
2035,0.11888507355264581,Low
11786,0.0650824138342733,Low
16867,0.0568213505567632,Low
22417,0.5015841828628325,High
24403,0.11008710863562719,Low
7777,0.24147773614337695,Medium
17863,0.8438004130718618,High
3397,0.11681271095312562,Low
7619,0.2010440643632533,Low
16884,0.32807334614840233,High
20302,0.24006419955080407,Medium
19295,0.1322896228686303,Low
18862,0.22645364715709415,Medium
9635,0.0940414799111552,Low
19894,0.2063731874996609,Low
28692,0.07928086314708128,Low
26232,0.17059227431893145,Low
28096,0.10641568094909964,Low
19249,0.42695391691710105,High
17663,0.06469881045351862,Low
25035,0.19904608628694057,Low
25740,0.6279751801406287,High
11197,0.09819636173872033,Low
105,0.5461400191440805,High
17532,0.11741322948306646,Low
23754,0.06425747473639913,Low
5544,0.29018988029813736,Medium
21530,0.16894614766146127,Low
12309,0.22792726667548108,Medium
6396,0.14574969917415165,Low
19310,0.18350914782613748,Low
18320,0.18562892017919425,Low
11728,0.16914917190635642,Low
10379,0.06294493950869207,Low
2055,0.2705291751887424,Medium
29095,0.1557868852988705,Low
11630,0.13108445995104223,Low
3806,0.37218396079108806,High
7852,0.14445191974412552,Low
25328,0.36963714688704025,High
17094,0.2209759878365687,Medium
507,0.0016584295702586863,Low
21423,0.03459559995131053,Low
21907,0.05095706336312743,Low
29531,0.23705340743425662,Medium
20044,0.06928561695888323,Low
26544,0.11547923864254978,Low
18095,0.7955903961952474,High
17006,0.30089733218744064,High
22367,0.10745737114325951,Low
28285,0.1556370148207505,Low
26811,0.21681378335625892,Low
6218,0.4045615470324985,High
16729,0.2569414567074709,Medium
25265,0.1355591838949758,Low
3674,0.6614287271107819,High
16374,0.19452674951868887,Low
1303,0.21556158368248812,Low
17176,0.09969706792523868,Low
6086,0.2692331698428034,Medium
8740,0.13065906952408587,Low
22503,0.27923460381783605,Medium
6805,0.05532473021268336,Low
28730,0.18201076643573658,Low
1480,0.27393596135386583,Medium
10725,0.09368170173915802,Low
7929,0.10582244696466576,Low
22481,0.07080457471627245,Low
8454,0.06446786134272076,Low
6024,0.25800347862697404,Medium
198,0.21992608503468028,Low
11697,0.13500847298066787,Low
11226,0.5089951358068129,High
23783,0.3008365113170488,High
15256,0.10629154053047786,Low
2887,0.04776636537671491,Low
15907,0.1440267840272738,Low
5141,0.019839263010930575,Low
28529,0.22672691995927802,Medium
5676,0.2558697802787255,Medium
2834,0.22124377841041853,Medium
1212,0.09760047501235158,Low
25560,0.14732936867959445,Low
10853,0.18152675828851483,Low
11736,0.2060460495597527,Low
15607,0.16164384609538532,Low
26477,0.045020848855878974,Low
23166,0.42354905966159745,High
24965,0.07103707577524859,Low
29617,0.05420812042392364,Low
26679,0.21772401871178013,Low
2545,0.22959216839426422,Medium
3400,0.21660695919395387,Low
7892,0.026956673944531207,Low
15123,0.14817187159461448,Low
8389,0.1340643117839287,Low
5028,0.05592564856137661,Low
16576,0.23227773442449393,Medium
1539,0.0983241083678168,Low
5106,0.2764520692378233,Medium
21241,0.44670070668445105,High
13113,0.18033206890468573,Low
227,0.11201134905687674,Low
11849,0.056700682096515014,Low
19575,0.20050087949599418,Low
13493,0.29976827098897363,Medium
5163,0.11770808250447075,Low
28041,0.07923881520514231,Low
19455,0.09391401093820984,Low
9288,0.36914263344871767,High
18814,0.229537287162962,Medium
19254,0.2351539124142025,Medium
7195,0.11122185342299856,Low
4419,0.04000236485055894,Low
14205,0.2375789393348316,Medium
24952,0.05920276107811156,Low
11729,0.1921727325608868,Low
18048,0.17200981813592198,Low
29249,0.24263098851580478,Medium
15704,0.2402292106492114,Medium
28493,0.5074629646474991,High
24910,0.035884085766371185,Low
13327,0.21491005017276624,Low
21587,0.20806824283427733,Low
13668,0.15897144565234814,Low
12269,0.3792528729531141,High
24718,0.24307923295045888,Medium
8433,0.16915743151129595,Low
6415,0.32326288865849223,High
13619,0.23417193056329796,Medium
23079,0.030158761127664913,Low
29432,0.16048707876471804,Low
27388,0.12949373394242822,Low
18785,0.046028705835256555,Low
16523,0.3924939031721095,High
19646,0.04199178123107051,Low
9971,0.23809198962892694,Medium
8514,0.18387276919361747,Low
15331,0.18475266670154322,Low
14705,0.2343364837665582,Medium
19917,0.07533200272601163,Low
22257,0.030076798479748385,Low
3414,0.42250472215855056,High
26610,0.29602613243512127,Medium
1132,0.2571896588795283,Medium
28039,0.11942588611351965,Low
19080,0.1958834703990153,Low
10396,0.3787408009047132,High
1655,0.20851449758468008,Low
9307,0.20983896657816742,Low
8435,0.13317757873742253,Low
13718,0.5996997258026692,High
12549,0.11180686557792666,Low
24267,0.056917220692443586,Low
23570,0.04201018371942461,Low
26472,0.13235217737835503,Low
21895,0.26921464230224335,Medium
17504,0.1242586367396852,Low
27426,0.1367024364334239,Low
17731,0.28793819554227784,Medium
27634,0.21004500934045764,Low
13413,0.1260499198501553,Low
9679,0.17254086229201798,Low
5616,0.012423966399197532,Low
27886,0.2125603467057758,Low
3333,0.06026301308692453,Low
7478,0.10527498882975572,Low
17536,0.2104721456966755,Low
285,0.12865052430555615,Low
7607,0.18288717857558512,Low
25974,0.20756766847738178,Low
17816,0.22179900520197154,Medium
355,0.6457256384935866,High
23443,0.20216825846139905,Low
15718,0.1129677092938841,Low
26721,0.2105466417935513,Low
14262,0.16252509524209538,Low
775,0.11055189151307795,Low
8050,0.11090121658943831,Low
28635,0.13099784448126484,Low
10415,0.2568137176843214,Medium
6059,0.16560388280547528,Low
13934,0.0679365040107252,Low
25300,0.20675154878874075,Low
8267,0.056046233284704795,Low
9106,0.13166773689087719,Low
8634,0.06509525168185541,Low
26502,0.2441050117409142,Medium
15417,0.20925949862783264,Low
5625,0.14075843913395383,Low
5888,0.19357618615447822,Low
23332,0.12177812060445257,Low
16572,0.8523299472400605,High
21905,0.09139676727389547,Low
1532,0.04262536418843254,Low
22217,0.22921526653379623,Medium
11280,0.09878889672950045,Low
28057,0.39724292990245125,High
907,0.6084806328672533,High
11076,0.1430016066404826,Low
15264,0.21499273253954598,Low
20436,0.1201583381927053,Low
7712,0.3970775502441287,High
249,0.1982757806795121,Low
15113,0.06161798666656309,Low
18864,0.17598211357816046,Low
20612,0.07826084975056818,Low
6835,0.05715253058914836,Low
21287,0.14803278431576483,Low
2523,0.2079022145932281,Low
1796,0.2611873207385094,Medium
24861,0.11658249563872981,Low
26707,0.4854227609703168,High
8931,0.16683643503332365,Low
11077,0.17222718414352411,Low
26686,0.4593258600415818,High
19607,0.15107007815881338,Low
24641,0.21782527965788828,Low
18556,0.14118362672721763,Low
1754,0.19642103801681973,Low
12708,0.0739712139440395,Low
6343,0.14365063411245352,Low
19775,0.21520221521811997,Low
12270,0.23264465172303403,Medium
19416,0.06023728891710955,Low
15057,0.4637451622683568,High
17129,0.20994995739055206,Low
3258,0.2772868602949712,Medium
23008,0.04744230618041255,Low
28554,0.2870499498892555,Medium
20141,0.49402965624288275,High
29582,0.08895620519318977,Low
9558,0.08973863097513653,Low
9744,0.1307435305205962,Low
9826,0.044338881256900387,Low
1097,0.11474769277874529,Low
29012,0.14181775056004792,Low
11427,0.06984224820589566,Low
19018,0.20604790405017542,Low
13036,0.14438123606805334,Low
1610,0.2118678159318899,Low
8083,0.5441781811272342,High
22009,0.1472555878015449,Low
9020,0.5822278701780422,High
24937,0.12228933973152839,Low
20273,0.5638926542102066,High
23388,0.08668582383632487,Low
18625,0.2263853281589999,Medium
11060,0.36853345913354973,High
7983,0.3884195389972821,High
24321,0.1332799660215707,Low
2683,0.11307163220463515,Low
17063,0.2271136681360933,Medium
10143,0.557797816328003,High
23654,0.06441260304610004,Low
6471,0.2611452743821805,Medium
24899,0.09219438541143377,Low
24329,0.049127824028264266,Low
12739,0.16728412891762892,Low
16565,0.16060321325321567,Low
15750,0.1464786705796577,Low
24148,0.23639960603894525,Medium
619,0.22549570917022732,Medium
3118,0.18779602913124263,Low
17324,0.45610498687175655,High
68,0.41041727441642273,High
26029,0.027488492876528433,Low
14472,0.53334781838772,High
18837,0.510348048062603,High
18041,0.15483757347089416,Low
16819,0.2292167862585883,Medium
22867,0.1337018743055819,Low
17924,0.511457035501752,High
5440,0.6183129494672385,High
17738,0.3210168305996908,High
24134,0.21761094335944411,Low
6864,0.26948460196236446,Medium
15819,0.1433675455329767,Low
5910,0.18339379325922783,Low
13771,0.12881593460443955,Low
17350,0.4121634299288592,High
13933,0.4867710318596375,High
6753,0.6337572549609459,High
8566,0.20847803910056,Low
11994,0.5244789714809741,High
18284,0.20276181725058964,Low
23405,0.09996514371634975,Low
22711,0.04029723041737896,Low
22112,0.4457015659725259,High
27664,0.2695362169035768,Medium
27749,0.37287238628256736,High
19866,0.47379878773797873,High
4205,0.10767216748837274,Low
21394,0.07770032397657882,Low
2582,0.3276982946724593,High
19198,0.020688775309603176,Low
3392,0.05344044785824524,Low
8296,0.5989841478677704,High
28551,0.22838704896940237,Medium
1861,0.24613451308622092,Medium
8399,0.2842349138684055,Medium
23302,0.5192557842177847,High
11839,0.17285304530404383,Low
2773,0.6205584475958523,High
13867,0.1458715097615442,Low
7165,0.04732867079815034,Low
20938,0.25796728125612606,Medium
21223,0.05329203492639017,Low
7867,0.18171392429502226,Low
6600,0.20389544530063097,Low
1818,0.1216751788338249,Low
2242,0.37400148742267353,High
25646,0.589299256628658,High
2501,0.18705773953771204,Low
1353,0.24796800123243354,Medium
4198,0.07349185160629529,Low
17243,0.20419202627133887,Low
22454,0.20060734688528217,Low
15956,0.20794072162799696,Low
201,0.06594711832296361,Low
13534,0.23162216319216855,Medium
6499,0.05120463993850039,Low
4437,0.2865353283722566,Medium
27116,0.3211376000804823,High
29317,0.24939347457711572,Medium
21502,0.2675940382947944,Medium
19677,0.15682238998708833,Low
402,0.23875115519969506,Medium
22431,0.26562930739641794,Medium
18355,0.08982300770847435,Low
16666,0.06698439612352818,Low
24149,0.22468996544222258,Medium
19782,0.11876431492628929,Low
28963,0.13881036535104868,Low
4319,0.15965282114148419,Low
8350,0.22489747985965483,Medium
13838,0.09711495179899966,Low
627,0.2811622469441967,Medium
23554,0.054992131552868175,Low
21471,0.3930992126898676,High
7612,0.2293640706779367,Medium
29212,0.19872305939552962,Low
13486,0.15212824958377413,Low
3460,0.2173508473692038,Low
13742,0.2219943604863359,Medium
874,0.13771303051821054,Low
4905,0.21352915003474873,Low
11267,0.630387896874617,High
26214,0.09023012217145965,Low
3464,0.08579113165885623,Low
8567,0.22204478316973086,Medium
7055,0.21527320240758346,Low
16732,0.2573525622256589,Medium
22917,0.10929740125691217,Low
25699,0.08308667957699713,Low
24215,0.3233031051278711,High
13437,0.06572718256839714,Low
17158,0.044685868322187364,Low
8804,0.26939918029858123,Medium
9934,0.10473285655561519,Low
25253,0.5330946639023298,High
4632,0.2117185924057267,Low
24587,0.12255166590001786,Low
12605,0.3704068511337665,High
10740,0.5508935417801855,High
13178,0.5450605680769031,High
16997,0.1773057908336788,Low
8137,0.08648865005933364,Low
13592,0.20421600739694465,Low
27494,0.23686006368453258,Medium
19307,0.2320702794433212,Medium
3384,0.4165846904656726,High
13809,0.25422489343258237,Medium
12543,0.17763355451384297,Low
14787,0.2545006469462078,Medium
1917,0.18067607797773652,Low
14823,0.13216363495487637,Low
12991,0.4340461999168142,High
13055,0.11320178456397834,Low
1544,0.17387159889573817,Low
19806,0.04727162569464443,Low
25672,0.03796324224957581,Low
18477,0.13345818999270798,Low
1351,0.2623927363021678,Medium
9496,0.10971744174080647,Low
28894,0.7162701458184961,High
5173,0.2510015617091834,Medium
13337,0.11568697577995231,Low
1443,0.1430269706206462,Low
22329,0.18282904281473653,Low
13100,0.19298989806494346,Low
574,0.06546158187000542,Low
18,0.07813637142855677,Low
5063,0.21720427760883956,Low
20430,0.5730830248057105,High
353,0.233535511784199,Medium
12595,0.26409573447857215,Medium
5899,0.04083640463730127,Low
24220,0.13495539765477638,Low
14874,0.3885084949885394,High
20307,0.2904656689858599,Medium
29484,0.23471288523582168,Medium
189,0.3331367268848375,High
18132,0.011958004261014538,Low
13503,0.07051769574941778,Low
11555,0.9929738302501855,High
28698,0.03314629312620792,Low
20728,0.3825021266356878,High
9503,0.2427479864042871,Medium
24127,0.5094556894832049,High
9811,0.19939578959939502,Low
27605,0.22909864344556088,Medium
26691,0.2124208566367996,Low
6315,0.19029682484905372,Low
29550,0.08253035615544689,Low
23627,0.16602328967166194,Low
11008,0.11914989889778094,Low
8230,0.07126709352035905,Low
5787,0.6114069624594948,High
19292,0.04935560678809423,Low
24556,0.2367531855190783,Medium
29573,0.1391841305565117,Low
7944,0.2500213901085041,Medium
4014,0.8325332497977754,High
11542,0.19587734160880318,Low
1789,0.17339273641071568,Low
16992,0.5631752980645248,High
26457,0.1677200485581246,Low
25026,0.18037255930222212,Low
10863,0.2711349768578977,Medium
2932,0.31360271383299687,High
23691,0.0594477367553492,Low
2560,0.23967107513635053,Medium
11343,0.6889245143837068,High
29682,0.1834163238626563,Low
27704,0.5385598395186747,High
19336,0.05101479006137319,Low
12251,0.019408881537765828,Low
7002,0.10356493194128184,Low
14193,0.1684431069177118,Low
4457,0.2405106186954923,Medium
25543,0.18280862680677526,Low
8044,0.0972265328712443,Low
17037,0.18837471301754363,Low
4767,0.1170675501255793,Low
22905,0.23939316300999017,Medium
1095,0.3735056189293495,High
224,0.12283353625817492,Low
257,0.2057952505335242,Low
11937,0.12880596607833025,Low
5370,0.15535694391811886,Low
15635,0.04774092592965629,Low
7402,0.22749836530673587,Medium
1367,0.04326916597779457,Low
8660,0.23765611917023882,Medium
9275,0.19946153889313895,Low
21876,0.13690284024762972,Low
4283,0.2074635975199534,Low
19517,0.035412845931101375,Low
2563,0.5131372584342548,High
29896,0.12678165511508135,Low
21346,0.15265565409606893,Low
6566,0.18783899056164194,Low
17424,0.27661594636679776,Medium
5973,0.2130475485051622,Low
8188,0.2287676507339458,Medium
12717,0.16098838323828304,Low
17435,0.12586853177419555,Low
17044,0.6148193173659683,High
462,0.11515729651649224,Low
2476,0.21598424617692522,Low
14532,0.22993843677484516,Medium
23763,0.287836476831557,Medium
6583,0.4928744849564433,High
19879,0.08659129383491194,Low
5615,0.22690608982854524,Medium
9239,0.11426313653313434,Low
5333,0.24772298466348186,Medium
6363,0.39383433859010714,High
9591,0.291905098543268,Medium
3981,0.1627045555387682,Low
15313,0.11455682509459596,Low
4815,0.1436672468567189,Low
17226,0.14961716333923994,Low
29546,0.2574279513641279,Medium
17928,0.3240601131007055,High
6216,0.47971906094945116,High
875,0.13465492567322976,Low
27723,0.47826599732203207,High
11382,0.08879594856546807,Low
22687,0.10932715728035124,Low
17620,0.5263779483895591,High
2114,0.2195372897870172,Low
14339,0.1880966281573548,Low
28868,0.23668723362663527,Medium
22896,0.38786568756221323,High
21144,0.2641341441169728,Medium
26852,0.29368017593395956,Medium
25324,0.1889171178132797,Low
5565,0.20258984505638145,Low
29048,0.2382436396166867,Medium
4563,0.11122042669684201,Low
25741,0.08997399166402865,Low
3052,0.062030648394916094,Low
25813,0.24414966598265236,Medium
2214,0.1371468166314359,Low
29814,0.06651831421797243,Low
14801,0.10701009330544026,Low
3469,0.2825835060530531,Medium
13898,0.5390265749906188,High
23780,0.0524676286022626,Low
14946,0.2295785737783111,Medium
7887,0.021649756006420474,Low
4820,0.2218213518533987,Medium
23659,0.21191399434282995,Low
23828,0.5326261604903367,High
19216,0.22507166408088838,Medium
1903,0.09666150630606615,Low
22113,0.21228976154923432,Low
23123,0.12272517308002749,Low
10164,0.19211059817541035,Low
64,0.2168175836154177,Low
26992,0.21198983023523305,Low
2091,0.1697477602219563,Low
13516,0.24163014754136655,Medium
25506,0.18593835098918363,Low
17302,0.2653662211363574,Medium
17147,0.05682520024209411,Low
25146,0.0616346615192194,Low
15875,0.21744274576398462,Low
19078,0.46956367347631967,High
6264,0.04975776519770656,Low
9902,0.4683373610999354,High
25714,0.17378794508028986,Low
25331,0.17317725247418575,Low
9749,0.2505004171421153,Medium
763,0.04775543447883641,Low
19241,0.19203557826385034,Low
25879,0.5349494503264968,High
16056,0.09421820996740311,Low
8584,0.14793113842468217,Low
18840,0.09117278321174557,Low
4055,0.12171820951574826,Low
9857,0.4370126753598189,High
6468,0.2723527142840587,Medium
13740,0.7833414142949477,High
805,0.1673995542840322,Low
15312,0.2332177216368003,Medium
12628,0.03980643355994036,Low
14047,0.1899496042303618,Low
10046,0.2349322702801938,Medium
25421,0.43668995996383086,High
9035,0.3159437864665564,High
4887,0.08091519493900749,Low
17183,0.18809009992302,Low
8682,0.0918382523594711,Low
8990,0.13892366720221064,Low
407,0.18846808606488952,Low
12686,0.28871718420062303,Medium
6013,0.048368565375535355,Low
15488,0.26064702461566625,Medium
12882,0.2353814211027957,Medium
7541,0.1912417130237305,Low
5557,0.20019163435176207,Low
14032,0.254635212489174,Medium
19506,0.09413544364570896,Low
29636,0.22540353942476501,Medium
26817,0.11469133532435975,Low
12432,0.2658657133810531,Medium
13629,0.2864157962870874,Medium
29085,0.05917007290562371,Low
11167,0.4256266674499846,High
27694,0.14437093051960856,Low
18645,0.28035411113987163,Medium
13283,0.38620767297850617,High
15883,0.20364692321313746,Low
23772,0.1986526423826951,Low
9493,0.6096419904945769,High
16749,0.579964399963367,High
23239,0.23367452825616858,Medium
17214,0.41776062450713414,High
15713,0.06588255513866177,Low
16734,0.25599569328132843,Medium
5707,0.009977719429714921,Low
16527,0.6239274938339002,High
10943,0.1430719756984041,Low
25745,0.1122264491755348,Low
13923,0.23119240056388937,Medium
4564,0.1360614680556167,Low
10320,0.13085065128402035,Low
25100,0.12447565063321926,Low
20311,0.1866718870485624,Low
28238,0.029563587380776152,Low
7012,0.08629806842101162,Low
28071,0.22002135343928195,Medium
23241,0.1888088554788469,Low
7756,0.17662760767582542,Low
18961,0.04921933704824076,Low
13064,0.21961670064431574,Low
11710,0.2424447428900669,Medium
7603,0.26709657317651897,Medium
4895,0.31365350077136317,High
26331,0.07182003701420653,Low
29978,0.16171679193045874,Low
27317,0.11922720212702242,Low
14282,0.2318581467062848,Medium
13796,0.11725817201852505,Low
9000,0.3407719124336878,High
5279,0.08839436822552633,Low
27166,0.2722926340312899,Medium
14050,0.33215434196231025,High
12233,0.203607800676679,Low
18578,0.06696816540047491,Low
15424,0.2549431562906945,Medium
24076,0.537894904988244,High
7072,0.4107803897320082,High
21387,0.29142964655000664,Medium
26028,0.10555305924379553,Low
9189,0.16157954917821696,Low
29070,0.04959420427670201,Low
20019,0.0579687194271254,Low
7210,0.053249878146417955,Low
19553,0.12623090632156173,Low
6595,0.1262750088944016,Low
3769,0.0531073640209848,Low
6062,0.5500250168761335,High
25705,0.47049548805353586,High
21489,0.22327379314495474,Medium
12199,0.16707509485230362,Low
2616,0.16455945926172155,Low
2382,0.19537148988873054,Low
17702,0.12853575570558887,Low
1296,0.14918133143012008,Low
21912,0.23113288068467935,Medium
9567,0.46878929958028265,High
17468,0.14503772256192396,Low
27455,0.39246526720873987,High
305,0.11537973100295776,Low
15060,0.24150668839464143,Medium
28015,0.17534464573323216,Low
3917,0.4593608979467306,High
2471,0.5519560574968567,High
20442,0.15497994315231997,Low
20166,0.048689192835586134,Low
4762,0.047724788253844595,Low
6242,0.1393114033840231,Low
28409,0.15628119442391114,Low
8228,0.18555534475750993,Low
8685,0.04725433176821636,Low
12139,0.21713307920113914,Low
12619,0.106437471162436,Low
7123,0.43749330862922325,High
27555,0.3254977597261823,High
8643,0.1650760459284263,Low
12362,0.4131183859795906,High
1795,0.1027565324544565,Low
654,0.25261387500132837,Medium
4967,0.25022118204607724,Medium
26931,0.24289865458635834,Medium
27490,0.19815414714642915,Low
28629,0.21182719618842127,Low
14758,0.4968312818518449,High
15235,0.26290848745174633,Medium
10006,0.16064094088417996,Low
15891,0.5184100153373737,High
28425,0.1417006355427033,Low
12574,0.1449294981649929,Low
7401,0.20737759848465126,Low
24871,0.20148069656204254,Low
4398,0.11283902555897314,Low
698,0.1497277832546117,Low
27673,0.1981661231021946,Low
29843,0.08491692175395195,Low
25779,0.2801367947270404,Medium
7601,0.34880329680247796,High
23867,0.19689197245476514,Low
10423,0.13913558125478107,Low
20736,0.1466351146627578,Low
23887,0.16459122737867926,Low
5803,0.1888036211009208,Low
1989,0.5136236762242122,High
26662,0.2008509463729033,Low
19653,0.055374556242926885,Low
22306,0.1669988097110654,Low
24145,0.24980855955373077,Medium
17810,0.09706987441916604,Low
7394,0.2008669935325874,Low
15211,0.0867267844145635,Low
5171,0.25374053955117815,Medium
15997,0.20902130980332548,Low
18745,0.09692500431116356,Low
23165,0.12204988335664323,Low
16493,0.19543906290112856,Low
27564,0.1929981043256903,Low
14342,0.11129042283075886,Low
14525,0.04378888204494387,Low
28052,0.2353552491205283,Medium
23657,0.3632547069099778,High
21536,0.4634764421864568,High
4624,0.2782519241610437,Medium
9646,0.10420852407480481,Low
3280,0.008507893958330471,Low
23017,0.12156062370388863,Low
1676,0.21949821564093586,Low
2157,0.09656199496415467,Low
28191,0.20551513850499017,Low
24091,0.05589828011033839,Low
8291,0.13558910330562451,Low
13634,0.22394294129330528,Medium
26668,0.20054251123876987,Low
17296,0.03535472034144149,Low
7764,0.1954000840429259,Low
14027,0.15802006741445207,Low
24629,0.13968493522568196,Low
20013,0.07428998372676396,Low
8596,0.4416722958461687,High
9394,0.1684111686975902,Low
18157,0.2110492008121216,Low
17880,0.24939347457711572,Medium
15791,0.19898727056330742,Low
5149,0.3702056971899908,High
23045,0.13262624863513492,Low
5175,0.130653557907865,Low
28219,0.20452703981699294,Low
132,0.3122279427569056,High
26057,0.21030040276778544,Low
24079,0.06003787491666547,Low
22203,0.39654882215501647,High
13095,0.460861226895627,High
18699,0.22306215845446015,Medium
18809,0.20180523303323022,Low
1936,0.06216347649168757,Low
20767,0.13629167732842262,Low
20558,0.20567571739199783,Low
24189,0.1845302645496469,Low
16402,0.27088398090511245,Medium
4771,0.23074361909490534,Medium
15794,0.18664914738585045,Low
15250,0.10261196580990534,Low
26842,0.0954330922916709,Low
14090,0.21767586071404327,Low
5644,0.09323063139888567,Low
13175,0.1181227314101263,Low
25154,0.481842029968822,High
853,0.22726855631163512,Medium
7127,0.14642072790445373,Low
4770,0.635274909084418,High
27859,0.48734909056892634,High
12811,0.4856381253870299,High
14604,0.16222890384012653,Low
8658,0.21500008806427565,Low
24450,0.19822597151794866,Low
9634,0.1995710441326132,Low
7101,0.1632652756154913,Low
7073,0.06430110194742426,Low
27096,0.04071074246161444,Low
10531,0.11453084855255849,Low
607,0.24610102691825556,Medium
8727,0.10450634209270535,Low
22902,0.2925941966191706,Medium
18180,0.12335564455440756,Low
14439,0.09692781619666693,Low
16323,0.30219562511747916,High
4713,0.17681515041886392,Low
7091,0.1666375154668212,Low
25572,0.19300838147769847,Low
8852,0.11860088534504666,Low
26468,0.23619213886634932,Medium
20392,0.23793420073125646,Medium
13050,0.3892920384047438,High
19719,0.09895445407583535,Low
3454,0.2554754825938306,Medium
18414,0.08765461736260287,Low
6656,0.09578510340277968,Low
23523,0.19262097081758997,Low
3794,0.04910247520917972,Low
6156,0.1330671667414742,Low
1979,0.11509617330185236,Low
20225,0.6884388541544761,High
22047,0.1852494853572066,Low
29946,0.2720599121664314,Medium
26904,0.27145958644665014,Medium
15597,0.242163101978499,Medium
19748,0.12006566294252952,Low
22876,0.2149601607210496,Low
9816,0.4916172830571223,High
18644,0.12908178226777176,Low
1426,0.12921296007045938,Low
19027,0.21691558275380377,Low
26549,0.06278319455745998,Low
20279,0.06930404445547916,Low
28490,0.24311435418936578,Medium
8924,0.1215769093400153,Low
202,0.22647941823839687,Medium
27277,0.6438778471416725,High
12683,0.32036645675586534,High
25261,0.3999781531784964,High
22947,0.10393464711671088,Low
7285,0.3210400376578602,High
7841,0.17872435226447003,Low
14647,0.5444129456122431,High
26769,0.2148404151322805,Low
5099,0.2294936659938829,Medium
10957,0.23667322554675932,Medium
3611,0.13103245945913433,Low
29597,0.05393884854617631,Low
9802,0.18217986991485227,Low
18057,0.04073231198912954,Low
24228,0.1375476861409241,Low
2687,0.1489713289617656,Low
14875,0.12242573992496546,Low
10181,0.4745514545250264,High
26288,0.23991941608539932,Medium
19383,0.13431349014403313,Low
23244,0.18675514798337273,Low
20954,0.15757582671948153,Low
10885,0.11483061458386423,Low
25754,0.25817305916465516,Medium
29061,0.0956062072141056,Low
21,0.17195628356840778,Low
27608,0.1547400732820729,Low
10810,0.28526841664017605,Medium
15178,0.24000124068927375,Medium
10538,0.10607301440174079,Low
16773,0.4533075672595998,High
15406,0.12629992399501536,Low
29054,0.3581934928224477,High
5855,0.2355959163861277,Medium
9602,0.1854799555366991,Low
25424,0.07253740442847796,Low
20087,0.05464773837411299,Low
10057,0.2484898998410102,Medium
14923,0.6011253314702862,High
20466,0.2622015110931315,Medium
17648,0.05709684808310505,Low
7434,0.10148732674021493,Low
25047,0.10171057380108095,Low
1724,0.16439469838132925,Low
13919,0.18167148073866818,Low
18580,0.37496434350410923,High
2125,0.24577416278018047,Medium
22365,0.21884471060575825,Low
22376,0.1304449472350779,Low
13383,0.1393856589286595,Low
11908,0.7425571697560561,High
23992,0.2216094819991457,Medium
7440,0.27045638424074075,Medium
10421,0.1811613131233757,Low
13286,0.2274950398873651,Medium
14418,0.07913741698638507,Low
2419,0.24644738212060666,Medium
1217,0.04647711071676179,Low
8528,0.18563405466598631,Low
9520,0.4917863484893948,High
8661,0.19122481111956244,Low
25968,0.27166808359025313,Medium
27136,0.07193511534038836,Low
4893,0.23030976755051757,Medium
9334,0.07086467435198779,Low
2426,0.28298459165107825,Medium
25873,0.08644828869457481,Low
27895,0.08333594333767565,Low
2110,0.12732705235362918,Low
24248,0.16697981635065104,Low
20788,0.16244949042255577,Low
20000,0.13112339525957542,Low
25861,0.015853832716466936,Low
25587,0.1503158985405297,Low
14112,0.11655216482550386,Low
12337,0.27259252331754086,Medium
6825,0.2270330456689931,Medium
9045,0.0015177743157150905,Low
21488,0.10792029001362306,Low
3722,0.267943287826921,Medium
16885,0.24237185389417576,Medium
7003,0.6101666720819606,High
24854,0.0713117174769955,Low
1035,0.28867327132147264,Medium
20386,0.37800847333189386,High
22586,0.19951126269096559,Low
7407,0.22584802875979546,Medium
20114,0.286719649888767,Medium
10099,0.554198772805285,High
18582,0.05583447458445434,Low
28628,0.10878956119814986,Low
3865,0.21193595069109883,Low
10674,0.08928243672908281,Low
1580,0.11896817269787126,Low
17628,0.21471393285008988,Low
7196,0.18364740634252447,Low
8067,0.16166866908739025,Low
24193,0.5199269747919181,High
27928,0.04184709226208247,Low
13888,0.12983153944880005,Low
11775,0.11876590722151321,Low
14419,0.6784185391875224,High
17576,0.49144180209974825,High
5353,0.47416612780360123,High
18446,0.15313284811133165,Low
12231,0.3051371225053899,High
1677,0.09183003388748259,Low
19101,0.43060732896859233,High
27324,0.23406320392276056,Medium
23261,0.4690076235647244,High
2395,0.24530573632702843,Medium
27319,0.05111768254636167,Low
5989,0.22567511783073274,Medium
17013,0.1236797316698323,Low
29479,0.3184752538856163,High
11910,0.05917664018907069,Low
8415,0.2479093612401328,Medium
7461,0.10640199022935568,Low
16462,0.5005610628368377,High
4562,0.2492308136128669,Medium
13856,0.201961243513392,Low
23948,0.14334489113536464,Low
15780,0.10705860942425827,Low
18060,0.10502009414538925,Low
9459,0.19791922945159765,Low
1085,0.11465511032860247,Low
21416,0.12426360295971069,Low
4835,0.13348896773828187,Low
25996,0.48046862506145954,High
13292,0.5906726651624881,High
11195,0.06007378074006539,Low
6748,0.14418717341312173,Low
22082,0.3302227447543555,High
3527,0.25103380604424363,Medium
7710,0.21379514992259466,Low
14239,0.10438652424492828,Low
11453,0.37841461307957275,High
20812,0.1427747877648286,Low
1229,0.2327925828691129,Medium
22881,0.48617051764082525,High
26580,0.6514592660874152,High
19120,0.20653873534600292,Low
21189,0.22670803416142593,Medium
6464,0.06917735327500733,Low
5688,0.004888599298370241,Low
2454,0.23116386484753146,Medium
20085,0.07856556273368169,Low
11696,0.10595106665500531,Low
10941,0.060349089500593964,Low
23960,0.325314041950538,High
9970,0.23154787726983783,Medium
5376,0.033133530547356384,Low
23141,0.05283424650245426,Low
9476,0.24675604262812437,Medium
24976,0.2757841805205945,Medium
21925,0.19458563167428583,Low
15180,0.4872172147628576,High
12983,0.4031252778972899,High
29310,0.3757630991534154,High
1402,0.58984333539981,High
29014,0.10438557132947557,Low
1066,0.04239420021770758,Low
8721,0.34250647078068885,High
16101,0.21686592874263483,Low
4569,0.2244923222741053,Medium
28893,0.11707028619875005,Low
27784,0.2169303795255583,Low
19921,0.11295396522326603,Low
8165,0.2399113002620281,Medium
17418,0.20451165354173734,Low
352,0.18719774484041543,Low
25621,0.21258464531107862,Low
24489,0.057920144724478914,Low
21177,0.2050776551712299,Low
26269,0.2476630670790789,Medium
2827,0.038426046700563044,Low
21949,0.09878568746936606,Low
29384,0.18243921259542953,Low
24675,0.4771375164395578,High
4287,0.19481596189652675,Low
9819,0.24953881397645067,Medium
21063,0.25038119309966445,Medium
24353,0.1449498434542092,Low
11829,0.38399710472819953,High
18099,0.28766880078256113,Medium
544,0.19237705539809813,Low
22161,0.1148563058655014,Low
291,0.04941072024288039,Low
15589,0.25997501479996826,Medium
20541,0.11349405642872157,Low
24163,0.25259734672256834,Medium
26034,0.1872919555812737,Low
150,0.2734919799020498,Medium
9564,0.10873393152670854,Low
14434,0.21564736109776547,Low
14633,0.23170585221416407,Medium
24876,0.1889165335362178,Low
16783,0.25163478903865877,Medium
13026,0.07332679882372112,Low
24140,0.141062610551103,Low
22156,0.20390896539162254,Low
11614,0.2247724133309614,Medium
26354,0.12934963608871428,Low
10252,0.1270332795554412,Low
13727,0.10328054174645745,Low
29965,0.09599960720231752,Low
13021,0.7954512548175255,High
5595,0.27226992944086154,Medium
19538,0.14769151019575918,Low
29145,0.27053296194306004,Medium
17768,0.014069186690994797,Low
10304,0.12318677224520896,Low
1566,0.25961915061099977,Medium
22239,0.047962994395291246,Low
16363,0.3423733807613892,High
27028,0.7709874543648931,High
10741,0.3037624632492058,High
13130,0.16891502403879785,Low
13091,0.19747864071350488,Low
24526,0.1620444499116203,Low
22758,0.14516191315287394,Low
10166,0.23729853623814487,Medium
9080,0.6405047970169216,High
15728,0.17220759413663736,Low
18963,0.18026498268273888,Low
28755,0.11085851445851591,Low
23051,0.03414324073447494,Low
21248,0.2524859167533809,Medium
26648,0.5391578733807928,High
24990,0.2019481390866983,Low
2254,0.24872747677810425,Medium
6861,0.21648278022404077,Low
23309,0.10071534932296146,Low
3778,0.25669076704261834,Medium
8130,0.5434159024859441,High
2386,0.16555461589000306,Low
4839,0.5784054011669498,High
23774,0.07243982302196576,Low
29680,0.1675040024093939,Low
9219,0.09995544751212798,Low
6719,0.17548562361386102,Low
20191,0.17529960877642473,Low
3792,0.1222034912748236,Low
4382,0.13578549640411344,Low
10783,0.26668497848756617,Medium
628,0.14501352025943828,Low
14925,0.11982887830029924,Low
28713,0.17792497244267513,Low
7172,0.10004541681819512,Low
7916,0.07100341694944574,Low
28915,0.1347686478623894,Low
14775,0.172403016175909,Low
17626,0.4102410296738714,High
7473,0.19335626075532503,Low
1244,0.4926583651812113,High
17105,0.21564148947443268,Low
29364,0.08578696316728492,Low
24624,0.24822836456034492,Medium
29755,0.305891622081249,High
20963,0.1928544243347861,Low
2003,0.14220797404713764,Low
24722,0.07569497584279125,Low
9259,0.20663147472090512,Low
17376,0.20656589589642269,Low
27676,0.461875472230833,High
2282,0.16419760754201856,Low
28414,0.2017221082487306,Low
27915,0.2207908423247379,Medium
28475,0.1783344167510131,Low
13364,0.02607156562284049,Low
1703,0.2045899355090344,Low
25545,0.20784927411088402,Low
6524,0.25952735443002733,Medium
29721,0.1955923540629621,Low
12621,0.02361183961246616,Low
13239,0.4565664228944171,High
14471,0.729901369081313,High
29574,0.32043474571805636,High
23271,0.1953399954523319,Low
27651,0.5736230677576732,High
27598,0.2124211037218088,Low
3010,0.5708526091155478,High
14425,0.20581767197584594,Low
29288,0.25160544154700343,Medium
16478,0.6327839449381937,High
23233,0.046481262090275574,Low
19884,0.05090513141347643,Low
6161,0.2803403247963706,Medium
8604,0.24749894671855807,Medium
6016,0.29352396541527326,Medium
22534,0.2576781489469707,Medium
6631,0.16025543592634242,Low
28280,0.057026057072173786,Low
24867,0.3211977653054141,High
5844,0.12495999756207439,Low
23547,0.16015722157054466,Low
10134,0.4190262594982386,High
5364,0.09076370555312058,Low
5035,0.21205197782704102,Low
29120,0.2055369179121853,Low
15259,0.2505624169516634,Medium
7918,0.19921149811341632,Low
21512,0.42122742103761396,High
17589,0.2672749211917982,Medium
17617,0.08623652989423541,Low
18235,0.5153560864375636,High
2776,0.1256284562882256,Low
6490,0.2993520627236275,Medium
20531,0.22899633626608532,Medium
18977,0.1563655691297918,Low
23011,0.1513277169108862,Low
27398,0.14233435555818913,Low
28769,0.1525717019108165,Low
24689,0.08872263156221664,Low
26429,0.0537064319293644,Low
690,0.21627013615148064,Low
2731,0.4711841688779259,High
1182,0.19491841280904032,Low
20255,0.8216698954325437,High
2262,0.2091796727954578,Low
23825,0.23961997597086004,Medium
16965,0.26690159549907977,Medium
10556,0.1370150846888522,Low
12998,0.6051274965302692,High
4393,0.2378496045498233,Medium
14140,0.5588185596477371,High
14997,0.14680673528521315,Low
6564,0.25547612611947895,Medium
6335,0.6115429786231611,High
26423,0.19970070995235922,Low
6939,0.3063520364558572,High
19331,0.21052004020480555,Low
13305,0.13800175782532068,Low
27273,0.10023659309801743,Low
18310,0.10797629940876596,Low
12591,0.230678943095573,Medium
3199,0.25811217726127744,Medium
24693,0.2978469211458166,Medium
4292,0.11678941217135445,Low
11043,0.2161905887558379,Low
3176,0.12997284638529735,Low
23100,0.4951875389394326,High
12344,0.2199462311934885,Low
6437,0.13141928700560163,Low
14728,0.21441307459159298,Low
5092,0.09346107756266757,Low
8530,0.06734634684345665,Low
4746,0.3750155536000576,High
27691,0.09046078869453111,Low
22628,0.478426989338708,High
17319,0.5815337398091597,High
21427,0.15970922820503713,Low
7182,0.20288341218637995,Low
6648,0.51010889100355,High
25887,0.43409998215279477,High
11897,0.12131274975216953,Low
21813,0.23952964320086365,Medium
15089,0.7192223077357005,High
4433,0.7773131907922818,High
4456,0.379544575926802,High
26046,0.09600700785863338,Low
17901,0.3451612904615927,High
10769,0.16400083934495202,Low
26559,0.25092432735161346,Medium
14289,0.7258794033607295,High
12189,0.2402346966013485,Medium
17763,0.312779346385222,High
23325,0.13052622289774574,Low
22859,0.28620597164930767,Medium
13361,0.20976272034070692,Low
8466,0.13348894586307095,Low
26964,0.05379377128369168,Low
21742,0.07164649851040347,Low
29073,0.06319711914773081,Low
22928,0.11478847737952667,Low
8775,0.21364776917593664,Low
3824,0.05056421930176154,Low
22989,0.04492598551925362,Low
24897,0.23568535637730295,Medium
25297,0.17312408184913505,Low
15082,0.23716971065576875,Medium
8664,0.21478794077180452,Low
14531,0.28623647123827295,Medium
16291,0.3057993348489576,High
13669,0.231480767217588,Medium
2111,0.17569990196168198,Low
20330,0.05675006050662435,Low
8469,0.6228357931224665,High
18222,0.6575331554721127,High
6986,0.2775623789870219,Medium
11105,0.8280709613107051,High
28602,0.19745938140630623,Low
17470,0.21292652944828497,Low
12890,0.17030401056241334,Low
18315,0.6340427401346216,High
29347,0.15507250896341968,Low
11133,0.30336635853847554,High
24614,0.22819209797878123,Medium
15507,0.20899758750435687,Low
14861,0.6149581849753653,High
18675,0.14559274815246895,Low
6548,0.19714797548016882,Low
5878,0.03479813761716652,Low
6351,0.14484959816229362,Low
8065,0.12342417894263305,Low
10871,0.6388641013517702,High
16643,0.4854050000102589,High
27024,0.23515289173999482,Medium
5053,0.11002342117947883,Low
27632,0.5173270495325761,High
2362,0.17966709918613982,Low
2431,0.1521255729988162,Low
4216,0.1871160031913416,Low
15532,0.5244103761248022,High
27958,0.5934191774294025,High
19891,0.1174214201112485,Low
21130,0.31658491986743487,High
24895,0.0770988572031108,Low
5614,0.11819793248372895,Low
23023,0.08583480783346897,Low
8609,0.7240213218721895,High
24157,0.2419680055194097,Medium
1108,0.12650165086186785,Low
11192,0.3016662590653596,High
12008,0.1833007418597073,Low
20655,0.21957520854500281,Low
6070,0.09013633836979937,Low
10899,0.1452084697668619,Low
29259,0.34139965506950315,High
3759,0.23167825144470855,Medium
10987,0.23206280439532453,Medium
18859,0.20657580945052656,Low
22383,0.22575178897282175,Medium
15334,0.09000383837073253,Low
23328,0.18143689913094488,Low
15479,0.09394252566258982,Low
14764,0.4662735679302252,High
14075,0.4154209444028747,High
29803,0.19164569589199873,Low
11013,0.2941837045987016,Medium
22096,0.05384712088603993,Low
6003,0.19740177687465116,Low
28784,0.21826631738558233,Low
7939,0.145203137334002,Low
19456,0.2706356914001866,Medium
7488,0.05215317825544649,Low
7024,0.19951387139144533,Low
25837,0.19618286300229942,Low
2156,0.5499061766296709,High
1321,0.02987793838029232,Low
22042,0.2229276131948851,Medium
25209,0.1751158426922135,Low
11843,0.10028592550086246,Low
19592,0.3906558523190274,High
1541,0.39614706970351726,High
16345,0.26938015134220217,Medium
1612,0.07775049282996209,Low
24120,0.10292464892804587,Low
11234,0.4188523954749458,High
24914,0.48768784099610973,High
23757,0.08732095298788423,Low
15879,0.2161871288207059,Low
5312,0.28476620916099005,Medium
15732,0.14520049748451141,Low
29771,0.8375471464918625,High
13179,0.18086858365908481,Low
24243,0.049229060119445965,Low
29622,0.2877318555147127,Medium
267,0.2388690686340994,Medium
29215,0.48149762128756163,High
17695,0.17884566754767303,Low
7978,0.20872432169034869,Low
12697,0.061741694300769215,Low
19736,0.19601828721297804,Low
17206,0.19811958991334114,Low
28783,0.026707403570162744,Low
23653,0.3570981647711247,High
3123,0.1553433984642412,Low
2361,0.17319299259292717,Low
17406,0.06298851884793273,Low
27287,0.3286957441458905,High
21337,0.08494072783541207,Low
27251,0.20990734213137924,Low
29451,0.30364071533728665,High
26467,0.09812910397204672,Low
5131,0.2187440924884333,Low
14067,0.3580523776671145,High
23007,0.1449393718442604,Low
20084,0.2399789276594075,Medium
17823,0.14874574208013536,Low
3302,0.2128834473589874,Low
18650,0.0867161584479637,Low
1493,0.4559042678500176,High
10624,0.2483945729371217,Medium
29838,0.0693269978900906,Low
23823,0.21587253414693108,Low
931,0.155643584576142,Low
10820,0.1071081629048845,Low
29119,0.46595162615582847,High
6858,0.16205886615272747,Low
21612,0.31936014982825633,High
14627,0.14204817255245816,Low
19702,0.18519575967108565,Low
2495,0.42163803078352796,High
25227,0.2541854302746426,Medium
6762,0.04882818412941599,Low
24532,0.25889155884813647,Medium
28076,0.09029715393011067,Low
13247,0.17490600128495412,Low
16362,0.05521799533546856,Low
22024,0.18925903808911662,Low
16955,0.13104894738569856,Low
2940,0.19768030105814524,Low
12372,0.47335231799245353,High
9570,0.2914498935137865,Medium
10736,0.20542063307359326,Low
24797,0.2836706125493834,Medium
24756,0.12874418155701484,Low
18278,0.6435670030899449,High
15097,0.27327514866014513,Medium
20482,0.23520605129409006,Medium
2205,0.26997725978271375,Medium
24162,0.07591972787919106,Low
1814,0.3701715979211017,High
26459,0.22015388188570378,Medium
10933,0.39192810587566945,High
8447,0.31173486383000726,High
14089,0.16242122236399864,Low
29598,0.1781750860331245,Low
21916,0.13818132633109897,Low
21107,0.2496038806614484,Medium
4276,0.300211333547293,High
13714,0.23709668430996853,Medium
20598,0.21382444788791188,Low
8948,0.047688923387475414,Low
23080,0.20219811238529262,Low
12525,0.7134135509967444,High
11850,0.1859917259131525,Low
29823,0.2011553389609007,Low
21148,0.2984498909432177,Medium
10613,0.1975333880102692,Low
21972,0.23462257330256586,Medium
21044,0.24715398907546005,Medium
6316,0.291545121159719,Medium
20690,0.7347762113602039,High
23126,0.18920108350829853,Low
11893,0.13751939331365104,Low
16126,0.5762838275496618,High
11968,0.10136281753289522,Low
4706,0.29111367854787623,Medium
11499,0.14454689358304182,Low
23134,0.09640461320878492,Low
18660,0.26723936436997897,Medium
18298,0.12354471040221783,Low
1358,0.5894174422790542,High
10533,0.2494109142022302,Medium
362,0.16239915743568076,Low
5409,0.08951332878666167,Low
13861,0.22521885448159226,Medium
24734,0.16228421812602428,Low
22307,0.1709528876742672,Low
5148,0.438657165936009,High
6036,0.12988129304291604,Low
7320,0.2608845854230914,Medium
19355,0.26664498240668716,Medium
20278,0.21327653907869243,Low
26478,0.2342751339383019,Medium
26448,0.07616335491123992,Low
9136,0.07796575990834921,Low
9100,0.21615601597029965,Low
7700,0.18080460389474357,Low
3424,0.2278124860848032,Medium
14941,0.28630060090697756,Medium
23237,0.21752484857983262,Low
7653,0.22377550493597392,Medium
24679,0.1073211686752701,Low
9507,0.2164096551212038,Low
210,0.11388521205737154,Low
10591,0.23387699796767883,Medium
16027,0.36831118611081654,High
21033,0.26628006871472587,Medium
4573,0.783417052442677,High
17507,0.23955956072056048,Medium
22339,0.20589750824884914,Low
20060,0.04468829635161647,Low
16152,0.19823358021030504,Low
5585,0.2992040492303865,Medium
4528,0.4050039546356382,High
3708,0.16363883442979044,Low
19560,0.19512727046997813,Low
17879,0.24910359502348398,Medium
27429,0.23680244142423043,Medium
28586,0.41387615102156966,High
27535,0.25623115237684924,Medium
1027,0.15653344411127476,Low
28110,0.12244814257744087,Low
25425,0.049733391499413436,Low
12079,0.39077662827721066,High
5764,0.2654185288540799,Medium
7095,0.16113999452401798,Low
8738,0.28158673327599737,Medium
24849,0.21426721492331555,Low
5985,0.23132170109700909,Medium
3947,0.06664209793727478,Low
11647,0.22905954550450422,Medium
10239,0.28824938866227257,Medium
6061,0.13840020682772863,Low
22863,0.5830855578623854,High
7682,0.5452193579130933,High
14177,0.5071130218210426,High
16344,0.3356858604356212,High
6090,0.40144448916756625,High
29571,0.6255922400067939,High
29789,0.13536711401267865,Low
23814,0.2098756428777985,Low
17540,0.3209373631331807,High
15394,0.04505653463090167,Low
2025,0.1697338844595706,Low
10306,0.10169835368539239,Low
6208,0.11080073702670692,Low
26401,0.1383623703655777,Low
10139,0.24698638401865589,Medium
2713,0.2825236621031269,Medium
21307,0.26566895557758174,Medium
876,0.24947225370896325,Medium
6378,0.18127766049219646,Low
27690,0.21676399665646365,Low
8274,0.24874954408004948,Medium
23495,0.16700965661189066,Low
21791,0.23098290755817416,Medium
24313,0.14312041114433022,Low
16073,0.17792379326722013,Low
19087,0.20207129334959312,Low
17267,0.21223513012835543,Low
9286,0.20309606106837721,Low
13702,0.16723083320085574,Low
9350,0.08293703242183839,Low
29246,0.27637919813856504,Medium
17627,0.18502553681954875,Low
184,0.21733227143707096,Low
3669,0.3746440234654534,High
22138,0.3128509216695892,High
14953,0.28290518890267163,Medium
14581,0.22390817822214168,Medium
20097,0.1126014724899075,Low
19344,0.43593657606188563,High
18023,0.26985927311524893,Medium
15100,0.04503844072586496,Low
6528,0.48149215018778946,High
5167,0.12836727668440487,Low
1295,0.17735540706598724,Low
15409,0.09767876579127058,Low
25069,0.12795843853007552,Low
11694,0.05514436847224606,Low
24168,0.8151372660001406,High
412,0.1260762698979531,Low
15386,0.15848865104685975,Low
13340,0.05929847556583532,Low
21807,0.16614412475899787,Low
29977,0.6305150692602359,High
17377,0.2517064180275243,Medium
1160,0.4077808514357948,High
811,0.2657993253529089,Medium
19343,0.1778652996429459,Low
7150,0.1302098730276071,Low
6375,0.2138133093200696,Low
20657,0.18356918493542354,Low
2146,0.06406668917125789,Low
7658,0.33612567868624516,High
451,0.2873406965305507,Medium
23164,0.12203443624172731,Low
5319,0.09779646346247066,Low
17943,0.048565292096853535,Low
6487,0.5141702953500874,High
2680,0.21781266670941096,Low
12148,0.2224025348605256,Medium
15388,0.11512832323105503,Low
6179,0.05991988911731977,Low
14542,0.5959072658737017,High
23128,0.20022785581074237,Low
13421,0.11110329157447936,Low
24218,0.3954519892938616,High
24504,0.05050839549770123,Low
11853,0.3549367510792927,High
14862,0.7580328448654344,High
20413,0.0828224624672693,Low
15848,0.12518029978540887,Low
19706,0.12358095013304222,Low
9316,0.16210959275741607,Low
12727,0.09173602517641799,Low
11883,0.3000379953818077,High
28413,0.0882411968092684,Low
17121,0.22929409219405042,Medium
6982,0.1321672323660085,Low
13426,0.12250436234003784,Low
6691,0.15496399727373764,Low
24972,0.049359724711735144,Low
15546,0.435059367750214,High
20358,0.1265923585646606,Low
18497,0.1705856330080488,Low
19818,0.4693734118863361,High
7477,0.2630965695968729,Medium
29319,0.11371907695410323,Low
10494,0.057519072955982554,Low
944,0.6781597874891904,High
18212,0.27490704762026547,Medium
877,0.2170687406244833,Low
26473,0.2255112950306738,Medium
14162,0.20196038108556827,Low
16639,0.2044957940530425,Low
21135,0.06154019570595318,Low
16831,0.26434155070180354,Medium
5959,0.12628170568922634,Low
18904,0.07467116844635636,Low
4383,0.15954847111697093,Low
10152,0.6093255335140604,High
9760,0.12232355555362848,Low
13533,0.14682120070656735,Low
13205,0.15801272904063962,Low
29563,0.20623334917073904,Low
28623,0.1780928119699976,Low
25451,0.18666434881981186,Low
27229,0.601330751258033,High
13616,0.3166434625837275,High
10214,0.31026108660123347,High
21010,0.26239713091000444,Medium
27475,0.15857702957565611,Low
3539,0.057242160090626555,Low
25730,0.19196618648343955,Low
14225,0.07991952863768931,Low
14139,0.23139982442401116,Medium
8176,0.09419326839080593,Low
5804,0.18023273831880698,Low
9400,0.20096255148921552,Low
593,0.28072097016057285,Medium
9007,0.5721799392597081,High
19469,0.18833885044556523,Low
20948,0.08967294055356594,Low
20665,0.20686207635365106,Low
4793,0.30652356654806534,High
12735,0.31413174059540677,High
7163,0.45433870836666906,High
4361,0.06603288159421764,Low
22336,0.3329674317936203,High
3353,0.03724682849473429,Low
4262,0.25092403852860234,Medium
16679,0.4595958918951435,High
21631,0.2130641092361274,Low
15261,0.09918276704085911,Low
24668,0.06771385732471494,Low
386,0.04052026627540903,Low
6187,0.058982771920822116,Low
15075,0.21022077856575852,Low
23334,0.2046904159073305,Low
27846,0.5504678392505401,High
23822,0.4792636807203835,High
2661,0.12458810291603745,Low
21220,0.2265594603237943,Medium
27577,0.1407722193525323,Low
20547,0.0921087047503981,Low
4278,0.08922399368096637,Low
16517,0.1524912376102792,Low
17207,0.11344167978633776,Low
25282,0.10761326208450386,Low
20533,0.21701128741167314,Low
6096,0.12311599214198603,Low
26942,0.20590523735361443,Low
16941,0.19824780389636948,Low
27418,0.048597719736821594,Low
4242,0.2334516585522116,Medium
1389,0.13232810119673533,Low
9234,0.5053962198190212,High
16381,0.2538338649396029,Medium
8181,0.2133862201610645,Low
22044,0.18485172646566916,Low
22452,0.12579173021285353,Low
11563,0.1806197082949402,Low
26839,0.05291738549191037,Low
13531,0.17268256910064655,Low
26387,0.30161623494417844,High
8171,0.08480568864095658,Low
24664,0.17822347204752453,Low
14880,0.20783485924322292,Low
11612,0.12163299467447317,Low
10021,0.12926428347957034,Low
598,0.21264718964726598,Low
9918,0.31443418107931387,High
9447,0.11547524572443474,Low
24964,0.044776306828541994,Low
20709,0.06256928573992163,Low
2220,0.12174579129675918,Low
19417,0.06317254272629828,Low
6456,0.442246289957397,High
12859,0.13901537061681302,Low
3070,0.3891525432599589,High
18247,0.43864470886100826,High
865,0.22523396209198213,Medium
26728,0.1932386623249244,Low
7025,0.18082586789051458,Low
15447,0.21641017252604727,Low
12513,0.2836962462312617,Medium
24768,0.5198671790449121,High
1036,0.3877249816701559,High
29748,0.5674959452259892,High
13835,0.20844959946131958,Low
8969,0.20954475094003006,Low
14723,0.6074160350686434,High
339,0.23051277325666286,Medium
1169,0.12223586338927003,Low
17314,0.2387605220651773,Medium
4789,0.48039763482500486,High
15181,0.4308641693998392,High
16407,0.08910331983051212,Low
13973,0.09493681736215172,Low
13193,0.22280132529484936,Medium
22264,0.09682367230951264,Low
11958,0.09733856363510128,Low
16843,0.2421078020881821,Medium
4581,0.2609549913130195,Medium
12988,0.19227439193507864,Low
5042,0.09696052607812644,Low
12569,0.24802198403903877,Medium
8273,0.2291917399187847,Medium
2402,0.1257628993827246,Low
15961,0.10931997367023691,Low
22769,0.14345183220115168,Low
1943,0.29453579702869626,Medium
5698,0.32749917689573577,High
23402,0.11686845397983113,Low
9166,0.17782890768429002,Low
19914,0.23345196807628535,Medium
15691,0.2389348388888771,Medium
9937,0.2784349462154936,Medium
10296,0.12706398778225206,Low
17729,0.3217058401620961,High
9672,0.7942433031859986,High
20593,0.23113121318951524,Medium
5305,0.11844017833769242,Low
29316,0.046536122153069695,Low
21109,0.3011370632954389,High
29690,0.12449458002240452,Low
28993,0.19170983255227247,Low
24277,0.047609648276060575,Low
10973,0.18441137166699753,Low
22856,0.2551480356526858,Medium
10281,0.0065669380208898,Low
28579,0.0925443682992777,Low
19842,0.23304407775515393,Medium
11035,0.5823886988534082,High
29470,0.21388316131521565,Low
3651,0.18852932732532063,Low
11515,0.13759141020208066,Low
13186,0.1542277249938819,Low
13851,0.11571443289937572,Low
24261,0.1397124077152736,Low
26089,0.432243208584954,High
8741,0.22213404184626107,Medium
6738,0.2734436676125147,Medium
17894,0.11423535216857997,Low
11831,0.30780611391819035,High
14928,0.16902204542222599,Low
29773,0.16717732412419098,Low
870,0.10200281435580053,Low
936,0.21158204228104582,Low
12646,0.1377436719098511,Low
8284,0.23500358791545722,Medium
16140,0.17688399739887933,Low
29093,0.15641396194454113,Low
17122,0.6378152461998097,High
18724,0.080836451043631,Low
2194,0.18956076712853198,Low
11801,0.23299865693013375,Medium
24920,0.161937402396104,Low
12600,0.2434898646689716,Medium
7300,0.2417314893068778,Medium
16149,0.07187462158007764,Low
13621,0.27336520144562804,Medium
19843,0.5144085543828053,High
18249,0.25305671141835384,Medium
20784,0.13750857857093013,Low
12381,0.13632639436944025,Low
6352,0.3993416585491039,High
10890,0.1905617511134797,Low
28851,0.01814691023132557,Low
16910,0.2204412493709014,Medium
14327,0.08550211744200319,Low
24251,0.18834386286021887,Low
12504,0.28240696777114715,Medium
18089,0.20593988041820457,Low
21577,0.2024239132677778,Low
2587,0.22330864929476074,Medium
12447,0.06672451277411336,Low
9237,0.08207522106092528,Low
21897,0.30248918267568603,High
668,0.25262979502352173,Medium
16946,0.35394365951158996,High
29974,0.2759345375756474,Medium
28807,0.046875688128255946,Low
26720,0.4104809601341391,High
1535,0.2724166176310053,Medium
19552,0.5141142688849207,High
14343,0.086336948860494,Low
12057,0.2017401127798934,Low
9222,0.3083828414589931,High
6203,0.07167530132869102,Low
10517,0.05227853574470206,Low
5347,0.15384550246310477,Low
22997,0.04606081029277102,Low
12706,0.4718734941306087,High
20710,0.5042081988710245,High
20524,0.5960846421655307,High
28263,0.05846940431472814,Low
20444,0.17145685582904516,Low
1540,0.20477010994534045,Low
27091,0.2576552442093845,Medium
7269,0.5837072170635925,High
22059,0.1036654150098344,Low
20834,0.32337438145455766,High
22091,0.13220607579311872,Low
25721,0.2001907037882979,Low
27236,0.45680427526159484,High
27540,0.2548494954488233,Medium
2285,0.18605670950786998,Low
7774,0.11559239662787481,Low
671,0.293954718466365,Medium
17727,0.05126696979526371,Low
15300,0.20532245980332725,Low
17708,0.22263020633263003,Medium
13040,0.14465598200042143,Low
7991,0.2205748730842447,Medium
15461,0.19291958928434838,Low
22910,0.1914523223242817,Low
20179,0.05746089706682327,Low
1522,0.8176562843568752,High
7092,0.23437770173946804,Medium
21518,0.1228210747201161,Low
4705,0.25584651923317225,Medium
1560,0.21134900172719476,Low
11758,0.28549769117008883,Medium
28323,0.04524011500647709,Low
10058,0.14716458980201835,Low
7249,0.28779374614725883,Medium
11761,0.31051379597643675,High
26292,0.10138455591477359,Low
17849,0.2091433795821038,Low
8959,0.1294369045701009,Low
27852,0.46087550333030936,High
5872,0.13123117747330262,Low
29727,0.8433512271534829,High
22449,0.1192998770140223,Low
16008,0.5230973584055486,High
6727,0.5615438411027267,High
24363,0.28695676587876573,Medium
6332,0.4680078368527752,High
29928,0.18059261882072697,Low
14136,0.012994112998584922,Low
5356,0.23439769429634347,Medium
24695,0.1857111088226858,Low
7548,0.04871934128564571,Low
2597,0.03535368065721753,Low
13005,0.062315080812190504,Low
23785,0.10158697074221991,Low
4010,0.1968505437203368,Low
8038,0.09160399784002757,Low
8391,0.5680723597263883,High
28181,0.08828223761952861,Low
6103,0.2262665590767621,Medium
24633,0.11052648408353953,Low
22544,0.23418837006190452,Medium
26424,0.17950043745453712,Low
28188,0.1306068651130567,Low
2894,0.4138881433263155,High
18910,0.12887737802832566,Low
22443,0.08725329164071119,Low
6391,0.09449916409219132,Low
2479,0.21085832302541282,Low
11185,0.2514119065042746,Medium
25735,0.10816458704758208,Low
15426,0.2263381170431582,Medium
22884,0.1480734268342226,Low
22308,0.10328042286445639,Low
1430,0.1797134228665878,Low
16457,0.2676485136103248,Medium
1759,0.2477076748585357,Medium
23912,0.20893883184775314,Low
21408,0.12835502606944962,Low
28887,0.11455924317725455,Low
27972,0.2542138467747986,Medium
14741,0.3373090602468598,High
9561,0.2015915908042459,Low
13706,0.1586501063171621,Low
16995,0.4377703965710482,High
2121,0.04963978243278406,Low
21863,0.1293370321569781,Low
8495,0.549297958035586,High
13363,0.2468456463282905,Medium
14693,0.44577454652088994,High
28806,0.04945466930731965,Low
10576,0.5944837210567565,High
20717,0.16210317510227432,Low
18364,0.15271690778761596,Low
20867,0.4543075115750192,High
16471,0.1228024581468273,Low
18512,0.187762555370933,Low
4399,0.116137779599281,Low
26514,0.06691579770942811,Low
17413,0.2008753255203466,Low
10435,0.12826585579277558,Low
4,0.23920375812834474,Medium
5057,0.6026049700606653,High
27161,0.7879467029675222,High
9991,0.2051584696398557,Low
21451,0.1799436405277372,Low
16074,0.10019770591807964,Low
11670,0.15643491349150276,Low
28484,0.13609744546585986,Low
24886,0.06590968070389946,Low
7642,0.20182240790983974,Low
19735,0.06749177729281808,Low
4369,0.16125856828545218,Low
28130,0.2616948575391151,Medium
13407,0.7803448931929667,High
12777,0.2002976443945962,Low
6240,0.18276107460985286,Low
21941,0.10668846384784728,Low
12874,0.23025890271743274,Medium
2810,0.10388764328317611,Low
4259,0.08756100609674489,Low
1914,0.028318824973571636,Low
1772,0.24847773482504443,Medium
17694,0.4939749691268497,High
15873,0.17707866295466934,Low
1647,0.4513988698781108,High
3627,0.21939345107056926,Low
11826,0.2603395334994228,Medium
19451,0.13054315771336852,Low
6109,0.48856896646477016,High
3318,0.133191762751241,Low
11228,0.06523312950919928,Low
22558,0.20097127073773516,Low
29959,0.16792135072379685,Low
16019,0.08463997531471588,Low
10096,0.26372893584006735,Medium
3492,0.12026036685226858,Low
15254,0.19158725145169872,Low
29577,0.4390852663400777,High
11040,0.28400962708164834,Medium
5009,0.18770951718827386,Low
25200,0.2691467039721536,Medium
17721,0.29466763391109485,Medium
20763,0.04365856298359555,Low
17682,0.12757965517615327,Low
8332,0.1676079257868614,Low
27642,0.2016206876724215,Low
23277,0.15412599990566236,Low
10671,0.1552626484749523,Low
16051,0.07728430350006882,Low
3702,0.04915033631988165,Low
4384,0.0365958998354157,Low
20037,0.04397508357353101,Low
17311,0.23257523247736098,Medium
28242,0.2373410094197915,Medium
3968,0.3356707517455819,High
9306,0.22744381710355904,Medium
16896,0.4389533104163211,High
16993,0.20485017884822915,Low
24434,0.05404704111314758,Low
13480,0.5660864071117301,High
6110,0.17769527500977716,Low
1635,0.15572774126947136,Low
20487,0.21992666234258004,Low
21913,0.10930522595540877,Low
14152,0.4025773369859776,High
10256,0.22649796067954156,Medium
29086,0.2994166539530069,Medium
28090,0.24746460303087,Medium
5085,0.5799846633358988,High
13267,0.19023867209954773,Low
13587,0.1981616824793348,Low
27670,0.39655422988693756,High
16477,0.2709257927543297,Medium
11645,0.25608177149252087,Medium
24199,0.14247468748907038,Low
485,0.12922514257511683,Low
22338,0.08559818688150574,Low
14824,0.10189644968626796,Low
20249,0.4395969849254644,High
29490,0.21522641288719074,Low
4857,0.21028341371126344,Low
13007,0.11767006725962434,Low
6095,0.12295676339003897,Low
10677,0.1522491874590785,Low
8464,0.09778634163740159,Low
18902,0.1818862836627948,Low
26420,0.24679508718604803,Medium
6307,0.06765943685670707,Low
1061,0.2631029692768004,Medium
7597,0.17308233933611866,Low
19937,0.17488507652880567,Low
5914,0.1684758736342318,Low
12917,0.061093532839950906,Low
2307,0.23857000673572282,Medium
11145,0.11966673413249253,Low
19112,0.2349764923446328,Medium
20870,0.15615838252185965,Low
29668,0.668533015328981,High
21658,0.18845618292615396,Low
12926,0.23013988632135066,Medium
24071,0.1801511507343474,Low
16273,0.1782129600516263,Low
9450,0.11585349845092613,Low
4645,0.08223040432008154,Low
6654,0.19899033049843892,Low
3371,0.2283502096896531,Medium
12641,0.2329474739032565,Medium
13390,0.1485976928917698,Low
11084,0.19947255494116164,Low
11246,0.4575742798800564,High
27697,0.45322727709699356,High
20995,0.24521687295174882,Medium
16267,0.1658586691487054,Low
25882,0.03786631584272833,Low
20152,0.30304290099473685,High
25790,0.12317808334942687,Low
26790,0.2946700682149311,Medium
17759,0.30309930579513583,High
1429,0.6034588953531439,High
18960,0.09107015783411496,Low
7305,0.2090967757286368,Low
3973,0.09044461109014777,Low
22214,0.21574168935472607,Low
19190,0.34148730693480245,High
25153,0.22595454271537152,Medium
4735,0.12589641594286302,Low
12795,0.06958485794902798,Low
3350,0.22089570359646296,Medium
7179,0.26389068199071064,Medium
26432,0.20467607899574466,Low
27302,0.2119179182722616,Low
16322,0.09695973170394784,Low
25833,0.09905804988728212,Low
27377,0.18316764810817318,Low
23935,0.6374285347835675,High
17077,0.6664958342949286,High
23040,0.990531653201809,High
26906,0.172590854226125,Low
25583,0.13535681219405873,Low
23245,0.13333060412753955,Low
4035,0.3014954724163268,High
25336,0.09674111279732003,Low
25731,0.24412408472417663,Medium
5892,0.20056879102204775,Low
6817,0.03935013553724816,Low
29868,0.015743105414318788,Low
21477,0.22128494020949777,Medium
21722,0.2080935446939017,Low
25061,0.20674046583362166,Low
8595,0.053595453960617934,Low
29420,0.15819409029086381,Low
21405,0.19131256377014888,Low
1960,0.2338787549229463,Medium
15017,0.48735882798746094,High
7590,0.4688065203672175,High
19765,0.22920347646379205,Medium
8898,0.16548959923233217,Low
27954,0.21832961579950683,Low
10888,0.26382453267511835,Medium
27357,0.10768050960222579,Low
12361,0.06243936523904834,Low
8703,0.1894419368136699,Low
29413,0.35116067483013647,High
23777,0.27890268884838026,Medium
8432,0.1074696695235064,Low
15900,0.1342419272358358,Low
18472,0.2410807907732654,Medium
4612,0.2679012247459953,Medium
2646,0.21650633004388584,Low
8118,0.3893629242897787,High
19774,0.21101608519694035,Low
546,0.16806253511685704,Low
16432,0.5342326032570849,High
7162,0.11511602104283411,Low
1218,0.0688910694504498,Low
23730,0.2604334716107822,Medium
13282,0.08972814370806742,Low
21191,0.1592008824285612,Low
15694,0.09606425773725626,Low
19635,0.04920912352819269,Low
7467,0.10049209970987466,Low
13367,0.2678587056423621,Medium
26857,0.052850375309038654,Low
26736,0.1799474011700473,Low
19547,0.21758360946216015,Low
22898,0.5675520644811511,High
18510,0.09606844595296506,Low
11357,0.4996546270682169,High
18345,0.21001653295950903,Low
16010,0.1976593484386934,Low
9906,0.20299976955380625,Low
24626,0.0472058646392563,Low
21850,0.09121871993090178,Low
11144,0.16452397366408766,Low
10800,0.22050002362644716,Medium
15171,0.16542025970830793,Low
21710,0.07968438651456239,Low
4388,0.9927577746949592,High
18172,0.09631593230499415,Low
21644,0.04724036721321487,Low
4863,0.7169957288713598,High
4345,0.18520131229616776,Low
23213,0.04126983940893319,Low
6718,0.2283867697132872,Medium
19658,0.35167386560103336,High
2952,0.11537680923473749,Low
22140,0.19557193073399115,Low
5909,0.23451364835641983,Medium
7046,0.08607563123081584,Low
15616,0.45600096013277,High
13957,0.2837688227011258,Medium
7403,0.09560462865703998,Low
20599,0.14147773651116627,Low
27185,0.3463184612360316,High
11914,0.23095515203657166,Medium
17230,0.23051552424190158,Medium
21766,0.2890469444125943,Medium
20939,0.041739995406194975,Low
11369,0.114633980322258,Low
28205,0.044397872028511434,Low
10338,0.7727043213927322,High
23073,0.05142891095548828,Low
29326,0.1992917786102277,Low
17808,0.11563783560210728,Low
11888,0.36485856345600365,High
24582,0.24060925347627415,Medium
26504,0.18078240413292843,Low
14241,0.09455549495999391,Low
12885,0.4082157925909774,High
13810,0.27661676331879126,Medium
29584,0.11866868650821173,Low
25842,0.18678548052075256,Low
8478,0.08564964545719408,Low
19680,0.11867367523338555,Low
18094,0.09842549868309523,Low
18214,0.04862122425839779,Low
21775,0.48313315439703103,High
14186,0.14168864403105574,Low
9285,0.2361237497783021,Medium
4831,0.1924593189615258,Low
5423,0.21917445139628858,Low
17847,0.4931259038214991,High
11345,0.28499251313618207,Medium
17572,0.1779060486149597,Low
27168,0.2736101719481713,Medium
27191,0.343526299710934,High
13869,0.10282716976676644,Low
10168,0.11164944080065173,Low
9434,0.0981457055120565,Low
712,0.24090820928975676,Medium
6565,0.22463148922810608,Medium
13999,0.06796882662540955,Low
13203,0.2664940140587519,Medium
27597,0.10164929837278297,Low
13498,0.14814420009470367,Low
26726,0.2086306977904043,Low
26639,0.16353355390354,Low
10734,0.21079927080980584,Low
14533,0.11129772762371766,Low
8049,0.617202198440366,High
1285,0.13024232042457085,Low
25941,0.17030723834743544,Low
13003,0.20080318278144998,Low
29769,0.2173637142742937,Low
2635,0.0659639452315342,Low
5714,0.6537782622198672,High
25989,0.2207404339300809,Medium
29185,0.1546050938833365,Low
2322,0.2407602907604239,Medium
6672,0.11836144118874149,Low
8531,0.203470769492145,Low
20815,0.07537829887413104,Low
1671,0.25180908678978947,Medium
18109,0.1142927777238322,Low
17185,0.16777305676745727,Low
23626,0.15132686236863624,Low
29717,0.6101395194421191,High
8131,0.16937838330926056,Low
3931,0.21868839618178343,Low
24612,0.10317034775949999,Low
8809,0.40639903083154716,High
8344,0.2065386149129894,Low
1495,0.1414694831636066,Low
16288,0.19288735676356103,Low
10545,0.21287740100927677,Low
11270,0.15737167487825365,Low
28259,0.0575173428289035,Low
10131,0.18053312039566047,Low
5981,0.0734471929399152,Low
3298,0.16244769022916114,Low
15800,0.2187908931134787,Low
1627,0.25919138287981686,Medium
21772,0.3755404484053746,High
23853,0.6118588694116124,High
19583,0.19951382759225356,Low
23113,0.1827946072608064,Low
7905,0.25870202916679536,Medium
20205,0.23058785385877412,Medium
27439,0.024539584025905586,Low
5004,0.22531476782996346,Medium
7133,0.19854730528686537,Low
12764,0.11761537789275316,Low
10078,0.053353046497236566,Low
24429,0.382841715138556,High
18160,0.03474904488538467,Low
25610,0.05072494427147942,Low
11175,0.059217618439473096,Low
8357,0.3066914992236198,High
18683,0.20063183836331128,Low
5737,0.4869841330476467,High
24236,0.21325113163520787,Low
4780,0.19795846018985508,Low
19996,0.18368789640749386,Low
13422,0.5730379324886267,High
13746,0.25199647941186687,Medium
22425,0.05471059922640583,Low
7442,0.2283098198949191,Medium
18276,0.24166889109380785,Medium
2902,0.20648000909439287,Low
28821,0.10728805758143865,Low
19016,0.02415447507306161,Low
1384,0.011136590400794113,Low
27043,0.23012723259476098,Medium
14138,0.08043156217155903,Low
748,0.11100993225975832,Low
19632,0.22935549924314666,Medium
26428,0.12639724366675004,Low
19043,0.5442135098356863,High
24096,0.11845554597614545,Low
2420,0.18191951382625304,Low
988,0.05718902329598925,Low
14887,0.2534441908654636,Medium
20056,0.06503743812605141,Low
6604,0.2261614712099442,Medium
3670,0.10089714172041524,Low
28364,0.23449085515190735,Medium
17454,0.15652944610348402,Low
26421,0.1018107623640148,Low
10236,0.24988078000524128,Medium
9095,0.13678691690507622,Low
9389,0.10051614331694098,Low
19656,0.21932166813784637,Low
1679,0.14189954735213375,Low
29173,0.0914346957743799,Low
10828,0.31238092445445825,High
22482,0.024204927250858547,Low
15862,0.5487233446595767,High
15736,0.3440524631893472,High
28209,0.13604049071901947,Low
10394,0.2281941749794991,Medium
254,0.13576505581438836,Low
3031,0.08175978006557416,Low
22180,0.03328835397754745,Low
12995,0.1780807637510704,Low
23285,0.13213116121541515,Low
10265,0.35506763789747325,High
2086,0.25559718824614336,Medium
20391,0.05200714169167055,Low
20946,0.09689001394613729,Low
5360,0.15947209807819276,Low
14916,0.054393374663690514,Low
29030,0.19763529286692072,Low
28519,0.2315798163134395,Medium
17796,0.2186778670169023,Low
6212,0.26527598827411375,Medium
4680,0.41271819329053266,High
2591,0.0949675726748588,Low
27592,0.44190176706055506,High
20127,0.15374515435926012,Low
23296,0.10423570452741844,Low
18133,0.14425976724942605,Low
4134,0.19633740370721692,Low
25747,0.3107625305934142,High
26527,0.21106283992093225,Low
26837,0.05702921586236121,Low
16673,0.19521481388788892,Low
13035,0.2154529766527651,Low
23644,0.049411500555464526,Low
6301,0.442096815887449,High
21790,0.5031148495947454,High
4537,0.10108458570594596,Low
8410,0.16431522129758036,Low
5873,0.1794979140929584,Low
27162,0.22156477333215108,Medium
6398,0.21158146351334214,Low
22413,0.2416143450071142,Medium
18731,0.22737006571562432,Medium
27884,0.4705123814618115,High
26784,0.13942561222477862,Low
8172,0.3018328728771423,High
572,0.1878517147284121,Low
19246,0.06957827057454209,Low
18519,0.6111892827511215,High
12728,0.15812745380289003,Low
18390,0.18317930630573545,Low
1203,0.1249185913389804,Low
8293,0.13512257861058755,Low
21150,0.12140714775824174,Low
20517,0.028578581977315297,Low
17449,0.22105849212810902,Medium
8479,0.11872891272228345,Low
24606,0.22649779466307285,Medium
16295,0.30705217548248565,High
12217,0.5148144548209485,High
28540,0.17847554735716487,Low
25182,0.1952017389339359,Low
3521,0.31544617009702886,High
26362,0.12822217235537128,Low
3348,0.24772375284690235,Medium
2794,0.1662009661656416,Low
15337,0.11548752254726488,Low
25631,0.17157914920303347,Low
27794,0.42344124383488435,High
24560,0.14728058647473186,Low
29191,0.22101221789530823,Medium
20170,0.17323985207488837,Low
5183,0.08469797552608786,Low
26656,0.3834629172407499,High
16089,0.05030538753328412,Low
12760,0.10135755424588401,Low
20337,0.26458856851655477,Medium
23284,0.1804622806666365,Low
6663,0.11071996684078717,Low
22249,0.1851359371049215,Low
27867,0.21863007662916412,Low
29290,0.20526243384279455,Low
2053,0.11168116710219757,Low
8034,0.18114085803337884,Low
25746,0.23529379691683963,Medium
17227,0.158192349197918,Low
8426,0.5023615923699144,High
19166,0.06203537239895001,Low
12001,0.13354504169388348,Low
306,0.04487541907761168,Low
8465,0.1578838825274586,Low
14881,0.4405699914459882,High
21197,0.1875091021652166,Low
15152,0.5349836024000094,High
14102,0.20551125966034411,Low
13404,0.3253107238132606,High
10580,0.01989230178074034,Low
4008,0.22831367778323514,Medium
12769,0.09820009776825485,Low
26297,0.07735920342784927,Low
20183,0.05204851850261122,Low
2466,0.7377877323241953,High
19072,0.16098515768702298,Low
28066,0.29122498650280143,Medium
28775,0.09417854333999028,Low
3533,0.14643114767283916,Low
9281,0.33033111095241763,High
3295,0.1740345475019702,Low
7228,0.08341097873971605,Low
29528,0.10413262316110966,Low
23249,0.1927929104089668,Low
21418,0.1775240150289855,Low
22847,0.2580762722252891,Medium
24275,0.1858020156297955,Low
28352,0.31156191729266774,High
21422,0.15265130702391438,Low
14806,0.6096672960859298,High
17462,0.2550361675836584,Medium
27176,0.169618057745185,Low
18922,0.17669739670172635,Low
22550,0.14999603631495917,Low
9480,0.25388480274453845,Medium
26453,0.05283497148355961,Low
213,0.24484406540833556,Medium
13268,0.2826663497405613,Medium
20902,0.13671332523393848,Low
24588,0.1720592063237636,Low
28044,0.21349110924951714,Low
12721,0.27511458832795693,Medium
18679,0.053647509461536284,Low
15682,0.38916868832982826,High
29398,0.12315958901098477,Low
3623,0.2937531502568477,Medium
25125,0.12454189067222242,Low
13657,0.24785780677156058,Medium
23500,0.2766939952665063,Medium
8280,0.11439881257266743,Low
9032,0.5778392729857096,High
21657,0.1345883454007303,Low
21884,0.14757085658927938,Low
4609,0.5579759182520021,High
1154,0.11719120649667651,Low
22353,0.1282821248874113,Low
18780,0.08575819169243197,Low
9557,0.13056790910272603,Low
21974,0.2059908060906146,Low
28033,0.4866312933505203,High
10390,0.7103790853512313,High
15029,0.14417327635263869,Low
10696,0.5571306688629679,High
20772,0.2489974405392817,Medium
1753,0.03912556297894413,Low
5796,0.17888296391918895,Low
28314,0.07174119183701155,Low
309,0.6981618459198022,High
29147,0.21778004482236465,Low
11671,0.26397200048479685,Medium
4726,0.11812237853572433,Low
3498,0.09141376648486804,Low
28856,0.16579288278943038,Low
5192,0.15674268237421213,Low
9417,0.18271588407922582,Low
5485,0.045850653535755834,Low
15581,0.6098705166501952,High
13662,0.14491125098424346,Low
5743,0.6056027055902754,High
26972,0.24245623366059477,Medium
16683,0.11863704761195368,Low
21476,0.15054915688280718,Low
14543,0.5826170240195779,High
23521,0.05767212998522387,Low
20366,0.24097139994548702,Medium
2728,0.23035514401223117,Medium
3715,0.23369329673458483,Medium
15758,0.5628413741977004,High
20843,0.07396771676126124,Low
17394,0.6140227177375679,High
10076,0.30777350939136217,High
5554,0.2587038561722772,Medium
17511,0.23859252521535446,Medium
13304,0.18786228178765688,Low
666,0.1820509001693158,Low
4029,0.20852953103163657,Low
28257,0.15818859376787703,Low
11757,0.25728255284542567,Medium
1470,0.21056879803359949,Low
28420,0.2367979540017551,Medium
23110,0.37591178185255947,High
7186,0.1472953070971791,Low
6696,0.2408231397307541,Medium
23603,0.3772520639330749,High
25186,0.5646248193096347,High
25666,0.11460686020665442,Low
18275,0.17772210616602044,Low
6895,0.6550414760921368,High
4923,0.10619406499778904,Low
10120,0.19693836160365,Low
11561,0.2334928615088103,Medium
19867,0.12858845150639697,Low
8788,0.1665716371064823,Low
15943,0.08653736529267703,Low
25289,0.21983893965217258,Low
4944,0.20658781474042234,Low
21226,0.4985952042545258,High
7333,0.17976552007005153,Low
25455,0.04976195749569106,Low
9681,0.3181800760172823,High
2729,0.2813366756251019,Medium
26008,0.1774539176106799,Low
5016,0.2360154180083657,Medium
15218,0.21544405234728867,Low
11311,0.23607875241725215,Medium
3853,0.14812146563183726,Low
11334,0.547910868882778,High
20908,0.26300331957990825,Medium
21449,0.03688803070218498,Low
16809,0.2558949717345315,Medium
16032,0.4813009760246147,High
5972,0.24109395569135791,Medium
9069,0.1654305837845051,Low
1444,0.08056918941056335,Low
1492,0.15959936087192778,Low
24392,0.2272084692790162,Medium
1133,0.7216341725105593,High
21052,0.04663108486175656,Low
24427,0.06256899803774273,Low
21701,0.005799803728608884,Low
26455,0.5002749839943299,High
16631,0.24402408259707437,Medium
22334,0.17491905544514078,Low
13618,0.22350583088286904,Medium
9354,0.21901032568979958,Low
14278,0.4799171043647062,High
3502,0.17337723621671255,Low
4690,0.3785641603508124,High
23351,0.2101352766344546,Low
18367,0.12318769445744873,Low
3403,0.0426318894104084,Low
13411,0.11871401411987373,Low
16184,0.25750187862008145,Medium
28272,0.21471660646121388,Low
9201,0.08207404521666568,Low
19298,0.05226027795076871,Low
2720,0.052966499066632484,Low
25267,0.08587536851130022,Low
5091,0.2137580006841547,Low
27766,0.0505532115735947,Low
28691,0.2077494342491038,Low
8348,0.11058513803994004,Low
5949,0.17465406606130682,Low
12416,0.017520566674163563,Low
14692,0.6156367754003379,High
26594,0.14283650838318676,Low
27963,0.3350718124926653,High
26750,0.4801362035674687,High
24923,0.23262789403186687,Medium
26426,0.15103565766446075,Low
26345,0.08179725647741797,Low
1653,0.1532770815011242,Low
24523,0.13178926435847998,Low
8716,0.19626210039644745,Low
17342,0.1820801598683606,Low
10993,0.1254067392342241,Low
4557,0.313584618961785,High
1950,0.25854689339967607,Medium
5297,2.9071268271587814e-10,Low
21239,0.10919607990416813,Low
21117,0.15332818011376448,Low
27869,0.17760217636664308,Low
8559,0.16340109242126397,Low
10115,0.2216678882785085,Medium
18396,0.20431740726474365,Low
800,0.2168088398445674,Low
28938,0.14353679785600537,Low
4177,0.15196695767175983,Low
12030,0.4336847369540831,High
2908,0.02232310581154807,Low
26650,0.39049576045042683,High
14108,0.21375771785343886,Low
11890,0.05204820544522856,Low
9313,0.23102624971192198,Medium
24422,0.14926538278412074,Low
5634,0.13299631594168573,Low
10350,0.30422011803178045,High
11730,0.21106772770666926,Low
21327,0.20318625894952738,Low
27462,0.10724007780039702,Low
17173,0.19457213734094259,Low
18455,0.5642470835468937,High
22510,0.0394607070501151,Low
2950,0.23661430208647163,Medium
7575,0.11368622311293954,Low
12970,0.25938752554358124,Medium
26452,0.1105897370991059,Low
18820,0.13177950279955328,Low
18591,0.13134906950621705,Low
23949,0.1982998611243544,Low
6790,0.23530467594240076,Medium
5235,0.10331850885717157,Low
862,0.05376207147495422,Low
6412,0.10235532283811519,Low
1648,0.1507271355792093,Low
21091,0.09960237994366349,Low
28909,0.03440248251436899,Low
19458,0.14285904830919122,Low
20356,0.10695861057598603,Low
8254,0.08817409273346692,Low
5751,0.48968350219223233,High
7381,0.12265729240256647,Low
13240,0.16397393379947892,Low
8771,0.22697809039117106,Medium
7266,0.04152200638349621,Low
15923,0.5724518591697874,High
23758,0.10208615398423813,Low
7838,0.08473893411692579,Low
2458,0.24742019867700651,Medium
24555,0.138707893001766,Low
12471,0.4299760358951472,High
12,0.08205694823677373,Low
28505,0.1366572251938216,Low
20028,0.1450058574058868,Low
9011,0.14054560224556362,Low
19225,0.07723614571806167,Low
17988,0.13436930258643845,Low
22368,0.2106373574969962,Low
13201,0.24486956975527335,Medium
11537,0.061737851742642215,Low
4295,0.38726360813624916,High
3748,0.1350816345907035,Low
28747,0.14177739573422615,Low
26723,0.11677623658804617,Low
7059,0.17473728165480643,Low
16796,0.12996427417623643,Low
1418,0.08336426671434367,Low
2937,0.16290700842827616,Low
12959,0.47822455352688203,High
12783,0.18312667113711048,Low
3513,0.5942338484093178,High
4608,0.0816973552802678,Low
15815,0.1612606764979433,Low
27353,0.31611365124105456,High
10016,0.09572363600227168,Low
24610,0.0543878679289507,Low
17999,0.034297266883694916,Low
9051,0.300054738363606,High
22136,0.2330298671221108,Medium
15837,0.1965685355868092,Low
9682,0.0346976137674347,Low
10790,0.20091936197924715,Low
20326,0.21785842086826487,Low
15951,0.44108229627913664,High
27032,0.15208616615589488,Low
3425,0.20297370298588235,Low
25743,0.1362422801048842,Low
27514,0.0591499942402972,Low
4826,0.19019492216009043,Low
29629,0.17972542095273938,Low
9105,0.29789975721155715,Medium
25921,0.06354140993783483,Low
26084,0.056858358083039774,Low
29155,0.8015229805753666,High
12671,0.14578086062250895,Low
24245,0.1106952137029496,Low
4607,0.21332633468162673,Low
16035,0.1694710372078311,Low
10294,0.0920266991110795,Low
20985,0.05798650122465212,Low
25152,0.0463429987730543,Low
6272,0.7785408142436167,High
11860,0.16647504218579312,Low
9428,0.2410691445525414,Medium
22916,0.15251478063924054,Low
14593,0.2230958056174665,Medium
16063,0.2498983024211692,Medium
25865,0.21905590874753877,Low
20715,0.07108226926764946,Low
13806,0.18047773109855123,Low
28973,0.2206004712147083,Medium
19952,0.05766331295303687,Low
14402,0.1789280027568725,Low
18754,0.09922998628723809,Low
23484,0.2531860502476121,Medium
15102,0.12162791187133258,Low
25652,0.2025600008308617,Low
26830,0.2921266639355387,Medium
15807,0.19993415875991102,Low
4822,0.03605262980168036,Low
7655,0.25032831615923257,Medium
6679,0.2636044156833144,Medium
23573,0.04257632526250055,Low
11649,0.25484360100853903,Medium
25149,0.1646891507427148,Low
22085,0.18808154465860563,Low
29599,0.23912682851085268,Medium
10794,0.21909895784514805,Low
7724,0.16540113189348712,Low
24461,0.21341536058504845,Low
18649,0.03216969917495675,Low
16840,0.3793573274642724,High
14416,0.21326077112294498,Low
12629,0.23479292355697085,Medium
179,0.21130528614334362,Low
16084,0.39210603554790713,High
1088,0.2829334349445588,Medium
839,0.13453224278575535,Low
17027,0.2132270025893269,Low
17751,0.23164459663602258,Medium
15587,0.13851920021388142,Low
14440,0.7946710470542718,High
11314,0.05128555896815338,Low
23590,0.06148442546884257,Low
26815,0.29955121123341466,Medium
27371,0.10061606634424985,Low
28012,0.0720684947092062,Low
23859,0.22065795539114177,Medium
13965,0.13235821135697085,Low
13768,0.12033809350335777,Low
21335,0.12745677835907343,Low
12553,0.2764927934629107,Medium
10554,0.4402400155877769,High
24616,0.22707099422753402,Medium
27894,0.16847764935429013,Low
28229,0.28202671751511815,Medium
27001,0.23959442366588107,Medium
14401,0.2127072034517545,Low
731,0.2060558325434267,Low
24197,0.174773786856711,Low
16664,0.2677794491928778,Medium
19401,0.5116488343335076,High
7128,0.01869904387963255,Low
7014,0.2570783498584295,Medium
4057,0.2082427255603261,Low
10521,0.43466505124204824,High
9626,0.24079880496146333,Medium
23120,0.02585630822871656,Low
16129,0.1422734766912123,Low
12266,0.23720927418251003,Medium
23346,0.029793651506359264,Low
6342,0.505178521765586,High
20499,0.12165261301234256,Low
4800,0.20125794637028693,Low
10233,0.38466535867196994,High
12155,0.8654875018239584,High
10313,0.09009376690339975,Low
23827,0.19864962085866888,Low
29533,0.11230734278232136,Low
7314,0.20009352305520736,Low
26320,0.05821277237145434,Low
3662,0.17207125809164472,Low
18950,0.19211862315117362,Low
10880,0.07256627350891458,Low
14642,0.2104528093908065,Low
5220,0.2543831894150816,Medium
24045,0.23482416433154704,Medium
9731,0.2703047485644767,Medium
21673,0.396498986239356,High
28370,0.20251380969777785,Low
4529,0.18562662634377977,Low
26251,0.06385039531948261,Low
26142,0.07799777486580306,Low
20316,0.06659086570473784,Low
19501,0.08294645713928936,Low
5233,0.4412464646459458,High
20246,0.2754583911169289,Medium
12960,0.18854964207432842,Low
9719,0.27463410347216527,Medium
10157,0.2362432844599882,Medium
20377,0.123525147276057,Low
29635,0.2238710429217886,Medium
18031,0.25073243153957375,Medium
10756,0.26001501508577646,Medium
26866,0.47500806366800197,High
20121,0.16951695124220723,Low
9079,0.24185741942079958,Medium
9137,0.20903770382803674,Low
17329,0.20124926793804776,Low
5315,0.24808295602162256,Medium
22639,0.10091319674291797,Low
12670,0.07424971171935914,Low
19605,0.2557945966864856,Medium
7449,0.1674919135318283,Low
19047,0.1860082227984296,Low
27949,0.18830190790165893,Low
3068,0.05807881644089853,Low
21262,0.275299094040606,Medium
10123,0.20671151460204965,Low
5880,0.19761853005759444,Low
13505,0.19983970131740184,Low
18309,0.12446565226783902,Low
11823,0.1213637690518495,Low
10519,0.18553970613890258,Low
20632,0.13443358712960773,Low
16583,0.18540209379844533,Low
18116,0.15806536514050532,Low
10735,0.09756899132543545,Low
14224,0.23141232882884308,Medium
1574,0.22421431450353826,Medium
10651,0.0649514790114026,Low
18269,0.36430178941627395,High
29522,0.07929451679005761,Low
5027,0.2538066439506573,Medium
29851,0.2551547038377939,Medium
10456,0.20579107283058656,Low
14767,0.051167724993034465,Low
23099,0.1639206513964314,Low
20420,0.1462082596692386,Low
14081,0.3634448424353933,High
11782,0.04230282440077125,Low
24492,0.060179258606857536,Low
11659,0.6478512517973699,High
20093,0.23275881618283795,Medium
26436,0.2544060498471212,Medium
24661,0.060846712050907276,Low
3310,0.054734493215193386,Low
17320,0.3932867425541571,High
4071,0.0557138619905503,Low
3432,0.11916400607983237,Low
13626,0.03496976138871271,Low
7569,0.6169433390320661,High
2821,0.5349326600784523,High
22189,0.21515814510187964,Low
23630,0.1329095119297415,Low
8025,0.1312917312782768,Low
396,0.16009457198892588,Low
7932,0.181339232859944,Low
16135,0.31024755476360244,High
26315,0.31925895726800685,High
10045,0.2900055385314029,Medium
16022,0.16042410664674628,Low
750,0.9910394618865471,High
15460,0.16922714930240498,Low
4597,0.1358136577331448,Low
6732,0.25844460855976503,Medium
18439,0.19601991885170605,Low
27607,0.2212187154043992,Medium
9471,0.051078311255998265,Low
5254,0.16184840222165872,Low
2857,0.24222677780541454,Medium
16581,0.10222586120056013,Low
1235,0.11544854628293597,Low
1650,0.27217072508418294,Medium
19457,0.050033090315802234,Low
16012,0.04994846362638148,Low
6174,0.3003024071285776,High
15140,0.0930342461454227,Low
19488,0.2424955759097317,Medium
10551,0.1783188369514118,Low
22588,0.2186082693286035,Low
6130,0.4766536306658354,High
15408,0.17338148992488547,Low
5823,0.11895577615608144,Low
10891,0.4185128036776788,High
19992,0.3915456079119071,High
3380,0.08112288070035054,Low
27909,0.044009726565013126,Low
21590,0.17071641289204198,Low
24752,0.1343894716598211,Low
26408,0.09707594300923114,Low
16054,0.1059799968686622,Low
19983,0.7576925640749452,High
4091,0.21350487231655763,Low
6288,0.18937479835424378,Low
3916,0.07515467740773683,Low
28326,0.11694294005293344,Low
26471,0.23368796026690714,Medium
7341,0.12088377359739137,Low
10288,0.27507606690439357,Medium
17241,0.3641337590631943,High
24402,0.12377113537973708,Low
13131,0.12001962538534766,Low
7277,0.4326151219784062,High
16133,0.513636007541118,High
19549,0.4097081825542183,High
20935,0.12435273670631726,Low
23397,0.056788353191913436,Low
3672,0.18627172773225165,Low
6725,0.15848764571091173,Low
23506,0.40729654987307595,High
15198,0.115347473279479,Low
19405,0.16856205075024602,Low
5450,0.04015541037132167,Low
16816,0.17996823539042334,Low
19157,0.04410883518469326,Low
1785,0.2017991376196406,Low
29256,0.2724806344595646,Medium
18751,0.16597861356842594,Low
2238,0.2195822861709533,Low
27233,0.13084162815572226,Low
16775,0.2544617524984954,Medium
5264,0.21139508751933944,Low
29192,0.02941155530163686,Low
2072,0.6254265836913427,High
5680,0.06667740585693216,Low
29157,0.2227922304061632,Medium
25046,0.20403871629782186,Low
6426,0.1036568349526022,Low
21607,0.18721228151621963,Low
2849,0.18425248138330477,Low
9448,0.12252634096293083,Low
29292,0.045676410805680155,Low
18019,0.290525894969082,Medium
6244,0.20935014223854703,Low
5478,0.2202999900454889,Medium
15432,0.14914708575807972,Low
24408,0.10312047168689642,Low
12770,0.12882834674604782,Low
199,0.051104292654384625,Low
16309,0.1732969713469143,Low
27823,0.1782805441530809,Low
14762,0.29782911067709134,Medium
19151,0.11285136305675554,Low
27308,0.27854355912595447,Medium
20738,0.9129651651883481,High
16105,0.2319131938491936,Medium
18114,0.06953845001422207,Low
3590,0.6913257233046094,High
11480,0.15371925725444885,Low
24479,0.20091852737052412,Low
14154,0.15426716715952762,Low
15086,0.2070275504389548,Low
20991,0.3983445010315064,High
22453,0.249739951844527,Medium
2275,0.2135690633941288,Low
9973,0.09190570289535831,Low
11379,0.202203158745279,Low
28054,0.09145670734650325,Low
17423,0.15189188115164473,Low
5946,0.060114068033304414,Low
161,0.6422315270778229,High
29496,0.21595912189450459,Low
1568,0.16042344899362926,Low
11516,0.1917779858372056,Low
6609,0.22391240927921993,Medium
19878,0.24200829591606962,Medium
8233,0.15670282438900407,Low
28957,0.034033093684584965,Low
8826,0.24574705073140665,Medium
19339,0.0340634509522733,Low
20863,0.16400185719982596,Low
24266,0.19170660049898053,Low
18577,0.15254975773401086,Low
12517,0.22507601982268344,Medium
2096,0.21060831520733664,Low
27279,0.06206127613112152,Low
3986,0.2045735582408297,Low
23214,0.20875589930025232,Low
83,0.2222605283801769,Medium
29320,0.04509852291181305,Low
16932,0.15355231137823167,Low
18940,0.15385374185999784,Low
28591,0.2788667774736477,Medium
5259,0.10774230472261064,Low
25593,0.1854644156328065,Low
19136,0.25321962522360486,Medium
8358,0.09413627565787282,Low
21481,0.3139935912114331,High
22428,0.1736452394236052,Low
24801,0.2132245108645113,Low
4410,0.3364645374189583,High
27284,0.18850318154013035,Low
11276,0.25456489725786213,Medium
26660,0.20982791541507734,Low
18689,0.07596643096208505,Low
11026,0.2272343832259583,Medium
19271,0.9118167524921631,High
26355,0.2187074625125932,Low
1334,0.07088907678783997,Low
15167,0.09667819061435795,Low
15788,0.1738975781160781,Low
3777,0.4629966084794914,High
20971,0.15372348729665344,Low
19887,0.052496485620988284,Low
19429,0.10994843329212657,Low
24656,0.24080737223375698,Medium
11179,0.21311963455395547,Low
25447,0.2480635023874172,Medium
24146,0.04839614543096242,Low
7005,0.10142486806499575,Low
24092,0.22332255771098844,Medium
9518,0.45310899745883326,High
4250,0.25527791448734355,Medium
17679,0.12280892614909515,Low
11454,0.1206902260514466,Low
6831,0.16554299012245535,Low
6782,0.02891945854262619,Low
1110,0.35877829447983617,High
15458,0.2915086312202012,Medium
28270,0.319940300955594,High
25039,0.11051066955113265,Low
26809,0.23846413353765655,Medium
16509,0.23389847047752169,Medium
25789,0.04865389236640984,Low
10427,0.05113254641574039,Low
2663,0.10454995289752862,Low
11236,0.15826058038093313,Low
24683,0.1794201804868352,Low
12240,0.14435235238265742,Low
15310,0.3293939190582825,High
16811,0.19720877109981294,Low
15025,0.44956673926687146,High
8211,0.044948314841932936,Low
13819,0.11915998836428918,Low
8119,0.15497346285720837,Low
12091,0.34155944798644533,High
13596,0.24167041913486406,Medium
8874,0.03537751599243898,Low
16755,0.2626180906086395,Medium
17876,0.07676907979168976,Low
10386,0.12617236368667428,Low
524,0.18535008140142875,Low
6348,0.16597548334008388,Low
16758,0.24655978026598704,Medium
3358,0.24893283228177843,Medium
2805,0.1260865148928721,Low
14985,0.06650510447346263,Low
23071,0.22016503174469612,Medium
11095,0.05864520887187493,Low
22064,0.21458150361112602,Low
15698,0.23989771150616776,Medium
6680,0.3541795126347268,High
29521,0.1978711929679153,Low
28994,0.006357901254873646,Low
15415,0.1370674805746043,Low
13210,0.25386008928714177,Medium
15403,0.10458072957543872,Low
6285,0.1898339305120996,Low
10145,0.246831733892047,Medium
23497,0.0489742943373011,Low
3774,0.32651050627731343,High
19510,0.05200993735105141,Low
6996,0.2918213958144669,Medium
14600,0.05331146388434072,Low
23025,0.09359725632162824,Low
27147,0.04871090914348396,Low
20737,0.4252916410591496,High
898,0.5370282148076266,High
1185,0.07304220925654449,Low
27874,0.0942878939778636,Low
17599,0.2544390056551139,Medium
20721,0.2066125999782014,Low
16111,0.15984390235442933,Low
21399,0.32270186885073565,High
26699,0.20206671708114599,Low
5964,0.42691756127183855,High
10667,0.5339189513020457,High
2327,0.1893318660969424,Low
15898,0.2639383359074301,Medium
23111,0.08696382168898117,Low
26079,0.22460323786106778,Medium
3716,0.465006876934128,High
15978,0.21875445464452878,Low
21393,0.5469082562457449,High
9505,0.24527025579830566,Medium
5103,0.26976138568173325,Medium
1465,0.11693848857665355,Low
27344,0.10779681995974404,Low
22058,0.1850881446106481,Low
19528,0.24304200752396274,Medium
18248,0.10097010372740926,Low
18270,0.12146543006654849,Low
10664,0.5744940997130631,High
7168,0.14359667847545457,Low
2699,0.1767453646501164,Low
14541,0.24458330845883236,Medium
8621,0.12426552678213158,Low
24129,0.18242569275702247,Low
14271,0.1419195050798045,Low
24509,0.1580612458418993,Low
21487,0.2424642653904785,Medium
4364,0.09739964984697239,Low
9155,0.04793968561885557,Low
25231,0.23227108460374327,Medium
28539,0.11672465713738547,Low
4659,0.23242039390081606,Medium
3170,0.22263501824031115,Medium
7260,0.021435420256201668,Low
28165,0.15372766470316296,Low
3238,0.21894418818209863,Low
12187,0.21923439390205793,Low
636,0.1360576206464114,Low
24454,0.11600440606258484,Low
1440,0.14920940206544844,Low
19502,0.04960127156703762,Low
24369,0.05611966318766811,Low
6951,0.22383710908126175,Medium
20329,0.1268461799203897,Low
2544,0.052714933381666905,Low
10593,0.2018038334212378,Low
27837,0.1891605504208709,Low
14395,0.12589801869708891,Low
10870,0.21302435177735596,Low
2526,0.20269906501393456,Low
7298,0.06105831688564394,Low
18004,0.6483556533166354,High
28678,0.15186173189743962,Low
11198,0.7054261778307651,High
22433,0.06193157148015866,Low
26993,0.21024617576517218,Low
14235,0.20582147763714392,Low
24598,0.0511632713009411,Low
6116,0.051918520510421604,Low
20427,0.22470434260874417,Medium
29776,0.17226225735744913,Low
19203,0.12915523992790895,Low
14498,0.19257104253196364,Low
23416,0.8684929134688276,High
27202,0.05392184661685147,Low
26918,0.28013015525233625,Medium
6570,0.6911938664491944,High
16612,0.18938342799237187,Low
28764,0.05351876389700443,Low
7464,0.0917371974756131,Low
19595,0.2313184105155497,Medium
24678,0.38040280437504415,High
28118,0.1449814915976141,Low
27638,0.21671173680554084,Low
2765,0.21052623426240658,Low
13921,0.1589802472105363,Low
13170,0.12014432676942896,Low
397,0.24619211646070693,Medium
26975,0.13401652620952154,Low
19570,0.25688547602628226,Medium
1973,0.20468070416131348,Low
7010,0.3053884284516231,High
11867,0.014004406997526031,Low
981,0.20987323648551404,Low
3173,0.1429349938615135,Low
18586,0.14993960247821458,Low
14906,0.09296024877635842,Low
26583,0.1719415930665222,Low
20082,0.061817037220279814,Low
25755,0.022442936332904843,Low
886,0.19321678796939312,Low
25532,0.0641544509184872,Low
477,0.24390925511906664,Medium
28454,0.5298465300108334,High
13518,0.19358868890721237,Low
20920,0.5560216519545715,High
1588,0.17238171627366056,Low
4059,0.2919077307402815,Medium
6555,0.05707110504313329,Low
22844,0.23437894835508702,Medium
4584,0.6487116196787789,High
23695,0.3937510434612717,High
3223,0.3746300246827625,High
22305,0.11711655102837376,Low
26568,0.12278793124094214,Low
7996,0.1516696669802199,Low
10452,0.20789670044906286,Low
3303,0.47520543350375516,High
12140,0.17015406856400497,Low
7720,0.17610250752687215,Low
521,0.27569052080464534,Medium
12051,0.03612782527783721,Low
22473,0.6885751534811428,High
16300,0.45916612276498436,High
476,0.20848768907724408,Low
13375,0.44147171100695237,High
19860,0.2570506531219013,Medium
20383,0.15823823990249283,Low
4921,0.22212955346639898,Medium
2562,0.18460902584953975,Low
29552,0.2980162295549647,Medium
11066,0.23493123809542388,Medium
20978,0.5110294545092329,High
28107,0.029561004421694386,Low
22008,0.17014323812160706,Low
29467,0.5002220608050816,High
27482,0.06036872133633351,Low
29143,0.190263581779227,Low
211,0.14963547340457917,Low
13942,0.21401013362521243,Low
11227,0.08454091990284125,Low
7792,0.11479527398234679,Low
15289,0.16355837706168747,Low
27499,0.061246784834579356,Low
5704,0.047057548575281896,Low
21833,0.2077984553247073,Low
18734,0.21205551002452805,Low
26270,0.19391824182321613,Low
10033,0.09940827312069009,Low
25177,0.5375336480536049,High
5177,0.07146123828934037,Low
14956,0.25231044295438676,Medium
25052,0.16380198997922227,Low
23586,0.08362072532520938,Low
5221,0.14431943686367948,Low
932,0.05326036662487027,Low
21888,0.15229993761780578,Low
2482,0.10730708228993342,Low
7089,0.2018401251635598,Low
4290,0.23989017123902504,Medium
10718,0.11405083483443001,Low
21403,0.17944304387020651,Low
17739,0.29324668762347844,Medium
24993,0.2613092882467555,Medium
3720,0.1670171534544008,Low
26083,0.5034951977083022,High
12397,0.1312917754131186,Low
7209,0.21822912444154544,Low
24938,0.24215415284377378,Medium
25106,0.30032367075564664,High
20707,0.06781870670542173,Low
9310,0.19560305615651688,Low
22620,0.17054545861996218,Low
17647,0.1555818281337602,Low
24349,0.06187458290702772,Low
23940,0.3722577794685961,High
7241,0.05962571585699331,Low
10317,0.26438626756030975,Medium
14399,0.20063968876892502,Low
5770,0.46959089768407525,High
4329,0.18848551805788705,Low
14562,0.19533519872504915,Low
24357,0.04212313265307389,Low
13400,0.22824550919824077,Medium
2946,0.11826695487957446,Low
12072,0.24155829080916,Medium
12291,0.23132839462730223,Medium
19739,0.24959850605661738,Medium
26709,0.12263101072872597,Low
2747,0.5534425951778961,High
15878,0.039723855823065736,Low
1226,0.1926018579630941,Low
4068,0.11866332409028002,Low
10067,0.561693163468807,High
23608,0.6381492579644119,High
28407,0.22981413721790286,Medium
20625,0.13561986517069657,Low
2924,0.23898120583416269,Medium
9074,0.15760510931340413,Low
9743,0.15978511112951796,Low
24360,0.44549674861204036,High
24776,0.2576005410034878,Medium
25426,0.23012551848748958,Medium
4729,0.29613310725562475,Medium
22706,0.30286311054382026,High
23615,0.06518627494002711,Low
21973,0.5102988990093932,High
20231,0.4419908564921578,High
2472,0.6645116808889082,High
27816,0.18717851525993673,Low
17178,0.04473572073796596,Low
17022,0.39472341528000543,High
12622,0.1426483622924987,Low
12730,0.0911564334518006,Low
17680,0.21579982669955786,Low
8459,0.1484746113826702,Low
4555,0.1722718616808524,Low
24073,0.21327389383193815,Low
4266,0.049930484803782656,Low
21632,0.10612059531319121,Low
13787,0.11429194468901563,Low
20456,0.19172087000907123,Low
7593,0.20275537205415556,Low
24732,0.016100875948934563,Low
11943,0.42683937502362684,High
24687,0.034251458674919966,Low
27653,0.2572415344591208,Medium
20988,0.13832637131656042,Low
4102,0.07631750662271662,Low
12371,0.08960683910055542,Low
29670,0.2363396269092867,Medium
9854,0.24228934076339323,Medium
4047,0.2538483686864202,Medium
803,0.13664544739747622,Low
27350,0.11467877271377118,Low
18746,0.18195749657202456,Low
11370,0.2053329593329019,Low
9665,0.24872056314800448,Medium
8158,0.17229279276993195,Low
7419,0.24588447990416268,Medium
14214,0.13797705655837555,Low
9510,0.2028472708019061,Low
23337,0.23906083819056412,Medium
23805,0.17896492870263872,Low
3254,0.5097174833989702,High
9251,0.16921229980928013,Low
12637,0.17570085921711853,Low
15665,0.17536955533063955,Low
8810,0.29510749250566637,Medium
7814,0.10665959276515159,Low
3690,0.21255787273179688,Low
17868,0.15270636917798372,Low
10715,0.26551241107939694,Medium
6355,0.05808870661147687,Low
26862,0.17509378017611704,Low
5379,0.15633637938505354,Low
12053,0.24103712035680613,Medium
26044,0.6275099743717861,High
825,0.2531658635681757,Medium
4786,0.03961949355179386,Low
10337,0.25237361850124435,Medium
13893,0.5486157287267165,High
29098,0.2192133682281505,Low
19504,0.18234062436400528,Low
2615,0.030025771767445787,Low
4830,0.27085406135725176,Medium
22215,0.17695185146376188,Low
6943,0.26582332888079563,Medium
22196,0.2059167861895247,Low
10524,0.2642589547575533,Medium
22931,0.23253484906396119,Medium
18124,0.23407671370175454,Medium
27814,0.24049564565985918,Medium
18110,0.6518848476776762,High
17167,0.23514863376435505,Medium
15483,0.21625536498200051,Low
11845,0.7427305288347094,High
15376,0.10991419902192885,Low
29662,0.028122596282331002,Low
3538,0.9215628644223197,High
1100,0.2902299201073062,Medium
23105,0.17297435113018192,Low
29513,0.15141790705883743,Low
25673,0.19048842215708864,Low
2782,0.23169697165564823,Medium
25269,0.20639897451321815,Low
14885,0.14110039687787762,Low
22033,0.18968048276410948,Low
9874,0.22533327690500482,Medium
29971,0.03971777657713227,Low
17535,0.10616577013886969,Low
14074,0.20323839683275507,Low
15667,0.3015586915301229,High
6547,0.22773018321085847,Medium
29009,0.19196707728998028,Low
14500,0.44157715840922773,High
23486,0.11104743502202442,Low
26812,0.11725358159425144,Low
12168,0.1486816851016048,Low
7531,0.8086914867711783,High
8562,0.2960103492810211,Medium
13778,0.2330405706068545,Medium
1316,0.17417030235468972,Low
9094,0.47843115653337237,High
22632,0.02428126323765663,Low
7375,0.13299732775541986,Low
27461,0.06808732781874308,Low
16495,0.08952039984356265,Low
28501,0.05200011041118443,Low
11492,0.21624131351407924,Low
5481,0.18199438139228205,Low
29710,0.18919912057060143,Low
14424,0.1389220568576221,Low
3758,0.24182633526221767,Medium
3874,0.4282817175373675,High
28325,0.22183055884438765,Medium
21192,0.15026933659153838,Low
14856,0.28031386112689327,Medium
25864,0.26943362549917,Medium
25131,0.09239522899048228,Low
24789,0.2671647902643201,Medium
25975,0.3486256667076882,High
17800,0.2431056599885136,Medium
8313,0.14338984804970584,Low
4043,0.04849670442840949,Low
2104,0.15059838560293262,Low
5065,0.36089397919138083,High
28495,0.20815118600139293,Low
25985,0.2773264938772287,Medium
17466,0.1408327672776636,Low
23252,0.2594883054397885,Medium
25031,0.20577700158138146,Low
24839,0.21699148537198676,Low
1638,0.5684149033422604,High
27021,0.25052823298158916,Medium
19356,0.12289513267019855,Low
4328,0.13275531700399593,Low
7472,0.23647009170413424,Medium
24891,0.2562233751299105,Medium
12040,0.523720936771825,High
5673,0.25361533727634994,Medium
20722,0.823795402676769,High
3709,0.15132219416311973,Low
22553,0.22709670202488574,Medium
18975,0.1714710209523025,Low
18747,0.25309498902812844,Medium
27529,0.10050962281755424,Low
16081,0.2197767489930115,Low
12286,0.1685521336803551,Low
24842,0.15576121955938374,Low
10200,0.13081369215904531,Low
8147,0.05104613365410827,Low
4120,0.10455294049761729,Low
5169,0.03416584873015925,Low
28402,0.2555117763573916,Medium
22371,0.18633790735902944,Low
23047,0.1332341824671829,Low
14645,0.27665509832667057,Medium
7847,0.4449875645725402,High
26212,0.4020392738769947,High
9727,0.11485220484493888,Low
8715,0.18526881268595852,Low
16447,0.30630422570915383,High
19693,0.18274220931282284,Low
22502,0.20325576363256284,Low
7795,0.21134258684568577,Low
1078,0.025200520932612804,Low
29632,0.21222035437697237,Low
14691,0.2543732672854493,Medium
10187,0.550231158386573,High
28609,0.2225977879167652,Medium
10103,0.6231066538829918,High
17752,0.12510014748585307,Low
1790,0.15677433264694612,Low
22882,0.12305507761340856,Low
16193,0.14205180052050498,Low
11805,0.25977984456934206,Medium
26850,0.5183111827706798,High
13226,0.19401467812733625,Low
19572,0.1349956290915185,Low
14552,0.45403001243340424,High
14320,0.14718412032321068,Low
5287,0.034208514086159346,Low
11895,0.2487864060185303,Medium
15064,0.0761390971375586,Low
28565,0.05685044245474675,Low
20236,0.15098018272756242,Low
17779,0.9022687340319219,High
9942,0.22917000918276664,Medium
28021,0.46152169004762716,High
522,0.17656764769219568,Low
17283,0.05922833623113761,Low
27677,0.1276232833809507,Low
22036,0.08089636478323181,Low
23356,0.7695182533390763,High
830,0.1444668492075237,Low
22019,0.17181683483827112,Low
28222,0.19650298866718094,Low
16914,0.2299728467866325,Medium
9033,0.17754764964779846,Low
6228,0.27052956436041947,Medium
29399,0.26459509531219877,Medium
23600,0.14623538021070223,Low
10251,0.26013330173007126,Medium
9631,0.4921405850906088,High
21625,0.42656629869921675,High
1849,0.11747972732434309,Low
19940,0.12174030372208004,Low
20116,0.09538269069935834,Low
10466,0.017168715262850853,Low
17791,0.2985176690957595,Medium
14366,0.4357049623047603,High
4766,0.024882234232199655,Low
6404,0.1880143700854777,Low
3389,0.2097662998040443,Low
22361,0.03927133778937656,Low
6176,0.5960073635374286,High
20514,0.3176228114153204,High
2657,0.2951254523569375,Medium
5041,0.11804251487969657,Low
29941,0.45799391391869526,High
8004,0.1812925633013367,Low
7705,0.1901269229276348,Low
3065,0.17778234590324815,Low
13877,0.4671345935076145,High
26552,0.23970398911322002,Medium
6448,0.103966067466792,Low
525,0.19476409062166597,Low
15600,0.551066810868248,High
6760,0.18206312951022977,Low
6371,0.6605009501067496,High
11726,0.11788818591502638,Low
15398,0.23770549455223366,Medium
25929,0.05692944739917619,Low
24602,0.40808484633494946,High
20793,0.11900331627032094,Low
21178,0.17046170142451264,Low
13093,0.5720117868574294,High
28766,0.14961913036537036,Low
27733,0.25289100094911404,Medium
24803,0.21441567748036544,Low
23353,0.18914137918138463,Low
16824,0.16389259165430933,Low
6199,0.3396411321728152,High
23422,0.19390451164721956,Low
6168,0.22428290056682637,Medium
22793,0.1095032780974671,Low
8481,0.22537505201967825,Medium
19486,0.12484601244562701,Low
8381,0.17500585183968742,Low
17231,0.6141328683718783,High
27536,0.83057540998789,High
22738,0.17951276800413363,Low
11450,0.22692059029433623,Medium
2828,0.09644010622531227,Low
28309,0.2261663188785112,Medium
7832,0.16342468790969886,Low
5334,0.07264153671913327,Low
29884,0.10368062534542329,Low
22528,0.11887555004513774,Low
12974,0.11396731526045262,Low
3873,0.6690378511292472,High
4683,0.02791435783486055,Low
19927,0.24326714283601256,Medium
3184,0.03474251391641477,Low
5762,0.35819549386765187,High
3207,0.12260134914114432,Low
3440,0.06098242011140898,Low
11920,0.10174890589767785,Low
2772,0.09306657983064213,Low
19045,0.03661148093313485,Low
26384,0.08865705987280223,Low
924,0.14679482637327984,Low
416,0.10836309745830137,Low
6136,0.22440384238978536,Medium
8752,0.05481153201953053,Low
707,0.42290466340048305,High
6722,0.036479348784771805,Low
19675,0.03159644342895598,Low
23215,0.09181378797410525,Low
1494,0.11596219713306176,Low
13019,0.14806993460465134,Low
29088,0.2065412143008941,Low
23913,0.22074297098380588,Medium
12229,0.20874014943303432,Low
17636,0.19566184016882346,Low
6386,0.2849537123812274,Medium
23820,0.21585383863454252,Low
4977,0.05222670034824264,Low
23792,0.5854016887947265,High
3340,0.09334905171046586,Low
10368,0.17881270593676346,Low
17912,0.2824755011958153,Medium
12434,0.12480076737624679,Low
28867,0.0967075703088027,Low
8076,0.3608647744452111,High
25480,0.19555990183867675,Low
3241,0.10024792118075927,Low
4943,0.04752549085041848,Low
21795,0.22011383789676495,Medium
19434,0.26518802183660634,Medium
11760,0.20990186003256334,Low
18264,0.17329644909128245,Low
5392,0.19513920053222233,Low
4166,0.308669968882945,High
8861,0.21500886881345385,Low
4039,0.24874477952718993,Medium
1660,0.19824815333093676,Low
22373,0.1492798392953565,Low
25303,0.2658041743294459,Medium
13329,0.09043303527229368,Low
7290,0.2209863017613619,Medium
29526,0.11282949161693726,Low
6592,0.4865520545588034,High
25236,0.13006558007221022,Low
4195,0.14756486466000626,Low
16916,0.2563077591284875,Medium
640,0.1990029621277318,Low
2726,0.23377323861562826,Medium
17906,0.21069932150177736,Low
10371,0.11953165990752676,Low
12039,0.13279255321391523,Low
14194,0.28593151263512345,Medium
20177,0.2467978329514666,Medium
3552,0.08609700823719128,Low
10405,0.2044771788314132,Low
17542,0.39046836142442765,High
1150,0.215947565936409,Low
4277,0.21045693060089707,Low
10311,0.20045333143952643,Low
6873,0.04408569250368137,Low
8005,0.25557747936956204,Medium
11225,0.21427979282638715,Low
26822,0.20109978735113906,Low
18246,0.12656453796408032,Low
16124,0.13004403386196142,Low
8999,0.22272869491964978,Medium
10356,0.26530887073084136,Medium
13132,0.21004996794457922,Low
797,0.05101387716158017,Low
18931,0.11018339517801384,Low
4142,0.7172787367228828,High
11354,0.10751355862715109,Low
28167,0.27127834673430434,Medium
12844,0.12366413094200428,Low
4720,0.5368872301661916,High
657,0.16785870274636516,Low
2082,0.1269842292766884,Low
3429,0.2604128010611707,Medium
17548,0.5525196821387971,High
26622,0.25244074708087777,Medium
6451,0.22461769746116303,Medium
9521,0.11111152925398723,Low
29245,0.280963347127329,Medium
29140,0.17520862658547917,Low
24205,0.04922305777803742,Low
3595,0.05890565411074069,Low
2749,0.16531752825406643,Low
11619,0.2145054502319465,Low
6286,0.42296282339787766,High
18546,0.10284253639335787,Low
3902,0.440287519691758,High
22567,0.5664888039578996,High
17948,0.2531974286377701,Medium
22713,0.05362475416367953,Low
12751,0.3987694697769309,High
14566,0.07688836009878286,Low
14891,0.2038931714259934,Low
27537,0.7881498350642536,High
29142,0.009119965311157401,Low
9545,0.10435197406423029,Low
18633,0.20572284123729467,Low
28670,0.12376508600518552,Low
10864,0.04438743718994544,Low
21367,0.20575328032833862,Low
6000,0.26112240842321793,Medium
21029,0.26190126425078125,Medium
752,0.4002728650631594,High
20419,0.2116938364436344,Low
20699,0.20133206884926572,Low
26875,0.16103791441186044,Low
12179,0.21101632707569082,Low
11034,0.42393980636617945,High
10697,0.26713313316056847,Medium
10546,0.37614626855191696,High
28921,0.2188689681128431,Low
21542,0.19938476414372636,Low
11287,0.23242246250671392,Medium
1147,0.7784605408114922,High
15361,0.27913443928710163,Medium
22552,0.06737009269012655,Low
12966,0.18699675066655733,Low
29247,0.2659562185663847,Medium
9241,0.05023836860005341,Low
39,0.31457993562347286,High
13273,0.3494232216826504,High
2873,0.052566915127335564,Low
18104,0.10970506053116803,Low
9023,0.33315776715642015,High
19221,0.6034458932922702,High
14445,0.07893488694358886,Low
3534,0.13046474541975775,Low
1267,0.16199120456211913,Low
23434,0.13987950170343466,Low
3989,0.10850552021373712,Low
27957,0.11250499924491895,Low
17249,0.807585091176554,High
13479,0.6773372407624995,High
29109,0.41186611993455974,High
2566,0.19423701406440233,Low
16053,0.6403771292749487,High
14980,0.5132278686527524,High
19616,0.1969583914324889,Low
16975,0.5541536632746962,High
1967,0.38982258006932696,High
7411,0.29396363490455374,Medium
14777,0.16350805162100454,Low
9019,0.0922315467692351,Low
5001,0.2832588233147721,Medium
92,0.10570634398565375,Low
706,0.15829278494624793,Low
27920,0.22640139519648225,Medium
4187,0.14919722031289515,Low
20394,0.09160330724364421,Low
15470,0.5596734268856656,High
13221,0.22883700169384993,Medium
22720,0.07877587462103888,Low
25179,0.23739098348239193,Medium
15368,0.46540929685775695,High
15144,0.03276502870954157,Low
17023,0.1991798831361616,Low
15954,0.28687323673689336,Medium
2836,0.6514956717272019,High
19259,0.7269668954753038,High
18924,0.1571806188593837,Low
24062,0.2090631799864966,Low
6032,0.25556796339432847,Medium
13665,0.23245754267482382,Medium
22092,0.19011262896614747,Low
26180,0.18826392232104716,Low
8489,0.17523538356267915,Low
29880,0.21440046303670002,Low
18896,0.09630329662582207,Low
26011,0.032451381382306084,Low
19512,0.13947588205288322,Low
25095,0.04158119053586946,Low
20577,0.21718282030954286,Low
19014,0.055090983305250876,Low
16013,0.27378710730601663,Medium
6077,0.49478333552563253,High
10002,0.11017592704365614,Low
12506,0.22744034299038507,Medium
21460,0.09245765323695289,Low
5462,0.15798746070454353,Low
17427,0.2311859944059848,Medium
8372,0.24827456926871744,Medium
114,0.209623137354658,Low
28459,0.04562460565570845,Low
7794,0.1926685931090844,Low
4373,0.09807950768220168,Low
21304,0.1352477775619188,Low
23736,0.12056578846828936,Low
27887,0.12408187667261711,Low
23572,0.05104363022847676,Low
12190,0.09247461961685988,Low
18916,0.3045893709625223,High
15652,0.4292277558300379,High
1397,0.35779033373485714,High
13063,0.20115951746195637,Low
22790,0.12200266952741258,Low
29492,0.21781576462624616,Low
26220,0.17380640938081318,Low
15104,0.13087484518396028,Low
11989,0.2315669927068808,Medium
5976,0.11833240181114643,Low
7232,0.21365504021909643,Low
21992,0.14633642130842983,Low
2326,0.17946936460571322,Low
25579,0.06051098644950458,Low
266,0.11178709481661385,Low
23922,0.17938704979397305,Low
15414,0.05468343104391044,Low
16232,0.033633898190763206,Low
9623,0.07539066813962579,Low
15423,0.09767598459035672,Low
28949,0.04370648630114587,Low
26819,0.26782604624160244,Medium
8963,0.09791680038385502,Low
391,0.2821932972523971,Medium
14794,0.6928827438900491,High
26774,0.5205552506737671,High
27912,0.11843427106799623,Low
23986,0.239349139851151,Medium
21858,0.1832128380729151,Low
22730,0.16159104049538964,Low
17223,0.19057938584821185,Low
8449,0.12926173540844257,Low
29906,0.46800092759151796,High
3331,0.3828515189332813,High
23256,0.14546079009071639,Low
5542,0.4271623985705839,High
22415,0.47494215689244024,High
22753,0.07052786512596956,Low
12022,0.5189155509761162,High
23559,0.15968797090474454,Low
17332,0.26331960431864665,Medium
1369,0.47666555900833124,High
20520,0.23286340488896345,Medium
15453,0.24400179604822997,Medium
18198,0.06423494425993265,Low
7256,0.25321534805099993,Medium
8451,0.07280846871771174,Low
27227,0.054626634012785606,Low
20250,0.06742205802311929,Low
10463,0.19354736900307226,Low
5979,0.09471368124360667,Low
6666,0.34315257419172807,High
14800,0.2686864200047893,Medium
28631,0.14958279757796475,Low
6526,0.10130250323110555,Low
10583,0.1903270600349561,Low
5089,0.03846330101128438,Low
9242,0.11460431865022194,Low
29442,0.1435604982860663,Low
23765,0.2384392196524739,Medium
9031,0.22219437279516382,Medium
3626,0.30347514345941584,High
6929,0.17917687258094808,Low
9451,0.030144505313415792,Low
21271,0.2638750977596647,Medium
2494,0.19095204682822733,Low
22888,0.04637459990010421,Low
1838,0.10444573403618848,Low
26058,0.4704375984237728,High
25114,0.2744414824710465,Medium
8321,0.2589154187872402,Medium
16082,0.19482177148897797,Low
28970,0.21668452753892423,Low
1376,0.05980752981116684,Low
371,0.41595921619676923,High
18762,0.1518965204850198,Low
5978,0.3789671270702403,High
20559,0.2134607142159552,Low
16087,0.16710069389927182,Low
19059,0.22662421769231153,Medium
6899,0.1653795029399181,Low
27065,0.28265133932010295,Medium
22403,0.256372036711927,Medium
2684,0.07189034339179567,Low
1138,0.2772329056285573,Medium
20585,0.3580615451580353,High
18635,0.16520807893709247,Low
20896,0.06002639131536141,Low
13312,0.13849293067559976,Low
25899,0.1809364574746728,Low
8569,0.13691321307636378,Low
972,0.18208128552117275,Low
10827,0.2564083196605355,Medium
679,0.0870584847172971,Low
29254,0.2509226647354548,Medium
16277,0.13304516095609936,Low
13643,0.16658040557665,Low
22848,0.1750714665404172,Low
12949,0.39995282204704014,High
14354,0.19855050512085173,Low
24478,0.17826233862279048,Low
12822,0.03857695488827823,Low
20468,0.23539606461339546,Medium
7786,0.496184983626054,High
14819,0.09558874701753538,Low
7398,0.2604157398641759,Medium
23154,0.13110297705440582,Low
23274,0.04480723907971111,Low
2608,0.10946109876218693,Low
1497,0.2976928596393585,Medium
26518,0.1431177304330704,Low
14474,0.48552237090881556,High
28568,0.25570403802106983,Medium
14822,0.1819748656058902,Low
28643,0.19868085432096488,Low
9911,0.21526494176288052,Low
9252,0.44823035552045726,High
12801,0.2457281869294111,Medium
21696,0.1803025497921396,Low
27434,0.08696471331514993,Low
9924,0.19916585186776334,Low
16328,0.06883956157494797,Low
20291,0.508603761635616,High
3398,0.4350945917088437,High
29115,0.053676765911442124,Low
25448,0.10975250887921129,Low
8974,0.4820316398773306,High
24658,0.12567619321419443,Low
12245,0.10078326573767198,Low
1528,0.2394096214835518,Medium
316,0.2056228576915815,Low
22941,0.22353368565321885,Medium
13190,0.18253837769194722,Low
28590,0.09171407592220143,Low
23413,0.1869583801558323,Low
12312,0.15069060740312357,Low
11172,0.27472584479934,Medium
25221,0.41958961881826307,High
17902,0.2217265938595132,Medium
4194,0.5012436259427265,High
27796,0.1816980057629321,Low
2672,0.26490179961122856,Medium
26909,0.14402962358479876,Low
4019,0.23650982979209997,Medium
26222,0.2503588204456437,Medium
5763,0.3017479019619182,High
10636,0.1515651276205426,Low
21568,0.22900072956043607,Medium
11136,0.22244684180435764,Medium
23680,0.2874511057714271,Medium
6615,0.12030711816504508,Low
2706,0.09677459305947157,Low
4890,0.18321942768468719,Low
18142,0.15805427160944363,Low
16587,0.18379367110129144,Low
16633,0.20607777578081707,Low
19523,0.5373951098737172,High
5051,0.24509725315497144,Medium
29016,0.5100759925395438,High
14049,0.170051856386184,Low
12977,0.3489016273471593,High
19119,0.20037323708306917,Low
16355,0.22150544804270292,Medium
761,0.3706951316906405,High
15076,0.1250170072568147,Low
10622,0.2270542823109932,Medium
25589,0.21144605807615893,Low
22862,0.21576844317858634,Low
13961,0.44767106156967845,High
22754,0.44680652512910607,High
18528,0.22937346146941784,Medium
15049,0.18987031599106136,Low
20176,0.14267108879050056,Low
23052,0.15890890009997843,Low
29916,0.5070397157049293,High
1340,0.29126336878828274,Medium
7132,0.0964267952179024,Low
24449,0.2978551774920987,Medium
15785,0.5316571369411797,High
10301,0.036981289690958576,Low
8983,0.1408864436872318,Low
16883,0.05156536143067548,Low
27354,0.47180771801146604,High
14435,0.40761397664962107,High
10330,0.38846174689637647,High
1442,0.24453757709535937,Medium
26505,0.049171264600020026,Low
13234,0.2109940797891224,Low
22242,0.09237948304410756,Low
7413,0.28413357629679914,Medium
6960,0.19762938634460803,Low
13120,0.24232748940078175,Medium
2215,0.2590742312697368,Medium
14423,0.18614395426667435,Low
990,0.4684243521596032,High
23466,0.5621923440411178,High
29104,0.20732402327742191,Low
16231,0.24007232380069118,Medium
3650,0.15919511192346067,Low
20586,0.11224709670370048,Low
22821,0.0783041093712975,Low
4861,0.600348201217644,High
7075,0.049009828207657063,Low
10652,0.044072528121126796,Low
16326,0.3034393161677335,High
3977,0.4128220889874903,High
14099,0.601196798215533,High
27933,0.44928013946553325,High
10823,0.5514205566716586,High
9012,0.2934975573324632,Medium
28562,0.09982431229681726,Low
6323,0.09572076815689723,Low
318,0.2885831708674215,Medium
2334,0.16947451944257727,Low
16836,0.043555402948227004,Low
24832,0.23827711557209436,Medium
12355,0.2243560758427385,Medium
22360,0.02597896233599421,Low
5025,0.1561342758342197,Low
14168,0.10418623320314581,Low
9147,0.6933332034327565,High
19365,0.0253942976890588,Low
28368,0.05934564389860843,Low
25143,0.12709781664095315,Low
18899,0.054353476597069086,Low
14766,0.14120452958016932,Low
6151,0.0038754472197776437,Low
23366,0.13177609710705457,Low
3189,0.04926821689937401,Low
17232,0.2653763598105574,Medium
5767,0.20115604794447076,Low
7017,0.19530059208882983,Low
432,0.10219079432463239,Low
29854,0.24526437543832744,Medium
164,0.21545253922806926,Low
16210,0.5748785344519282,High
7975,0.22575378661262757,Medium
8486,0.218862864140966,Low
16393,0.14206125597566424,Low
2574,0.11066064448463211,Low
28097,0.4745524634944767,High
5592,0.2455339360560548,Medium
9208,0.10169689160954264,Low
6336,0.13817404477133238,Low
10137,0.18950272084110278,Low
8690,0.0923615486751915,Low
1527,0.20691090886668262,Low
4676,0.19633700939080131,Low
442,0.23335812797244426,Medium
14894,0.4871593413089844,High
27018,0.25661058702682354,Medium
8840,0.15122774064015887,Low
15001,0.19399793297949014,Low
20150,0.22248853362991478,Medium
21312,0.5039842209366419,High
14662,0.09668548468361594,Low
20642,0.06723519208538771,Low
18490,0.4121864530167826,High
5745,0.08689255050198995,Low
10052,0.1708442526489421,Low
464,0.08828720941324722,Low
4658,0.2475344816066673,Medium
27901,0.2057106540128396,Low
3125,0.20006157715837622,Low
28721,0.1352226276840809,Low
22541,0.24882979668169408,Medium
27709,0.20886682856735408,Low
10404,0.2445942116638585,Medium
10882,0.028946280557959895,Low
29168,0.21223124291446815,Low
22949,0.15961968967255563,Low
22650,0.09065872981799054,Low
21834,0.4565549663717477,High
23412,0.14191410063513613,Low
5547,0.24408894061769237,Medium
25252,0.16121911641879777,Low
2354,0.1599408080494298,Low
8476,0.27186942297876737,Medium
3162,0.21149171355428406,Low
28771,0.2682961960115249,Medium
25820,0.047107543398863846,Low
25907,0.224960243292017,Medium
7501,0.2573166960590262,Medium
24595,0.26015357678059847,Medium
29332,0.11630220117219278,Low
8539,0.19541510306177048,Low
8925,0.1967118870498146,Low
17986,0.1810739108790044,Low
12567,0.22124431532663708,Medium
25405,0.13972562988210202,Low
23625,0.10977317596321433,Low
27003,0.274893576240252,Medium
4271,0.24311427877900368,Medium
12347,0.5027488587089243,High
24551,0.26030374741360107,Medium
25136,0.08962851592124696,Low
1438,0.15191684985881057,Low
16052,0.07466336662993585,Low
11622,0.17768097211898404,Low
17409,0.24805147048779963,Medium
12564,0.18206031632207567,Low
11818,0.623730387339977,High
14835,0.15737862716386883,Low
2712,0.1674314667829074,Low
26450,0.13400537694684458,Low
8423,0.02360291519535719,Low
8822,0.7505556379245115,High
12961,0.22162915950884296,Medium
11932,0.07020493474852316,Low
16520,0.19897250928728485,Low
9593,0.17494026664881276,Low
16313,0.1540559771469835,Low
9876,0.056962198026461706,Low
10111,0.2613682095667207,Medium
20039,0.018552300312881763,Low
192,0.4966291139405157,High
29294,0.08812847668649038,Low
15285,0.09286800135848101,Low
14937,0.22417598726928809,Medium
14635,0.1590105897528783,Low
24390,0.07578539512026845,Low
18487,0.1683690057050396,Low
4752,0.1814217088354531,Low
23977,0.05190044979267536,Low
18220,0.31577620312995286,High
18424,0.1787075505477387,Low
488,0.2040139879960606,Low
27786,0.05010836970347,Low
15549,0.037445226142404614,Low
7915,0.07459429405259332,Low
4993,0.6287738051269227,High
12202,0.3286458681145718,High
28016,0.40423129470075236,High
4479,0.0532447246158345,Low
11347,0.260332202476669,Medium
669,0.4340792283076774,High
11589,0.10167902059050381,Low
9211,0.20316134668538988,Low
25795,0.04306494707470309,Low
28521,0.3326422287617662,High
15562,0.10437044247752396,Low
24826,0.025929699886788574,Low
13776,0.07107645295015512,Low
14972,0.4288673687801738,High
17933,0.1630263677943586,Low
23323,0.20863990417727624,Low
2304,0.31919396317347987,High
28124,0.23514159563943615,Medium
662,0.225674645003055,Medium
5286,0.1399013943893704,Low
22494,0.20062731585188803,Low
10204,0.19735885382228066,Low
20749,0.20567374216327347,Low
2370,0.12710903089911477,Low
2081,0.20380190573098167,Low
2102,0.57996796287201,High
17483,0.6629377698762415,High
26319,0.06361274083877834,Low
1995,0.2695146262217751,Medium
25388,0.3223057239203831,High
14226,0.6491509411736303,High
11183,0.37110457898520827,High
819,0.11740577000008881,Low
8170,0.13642610768048996,Low
24177,0.24097606094212112,Medium
25107,0.255797567439413,Medium
4488,0.11889436212548209,Low
27782,0.049876202149982896,Low
7594,0.1533601766025316,Low
7391,0.0864663424486053,Low
14584,0.4888550640066393,High
27444,0.1328959530062629,Low
24701,0.17610323398408273,Low
25027,0.28288433056460194,Medium
25342,0.17137300300145486,Low
8789,0.5154920661453254,High
18316,0.04561842762341364,Low
24413,0.46083656153239094,High
12786,0.10297807051274632,Low
667,0.2249946378286723,Medium
21810,0.39132925182826556,High
16280,0.1690881820557709,Low
24619,0.2826458072553515,Medium
2071,0.17991413113723587,Low
19997,0.2287305509363061,Medium
21684,0.21114512459059678,Low
20693,0.23198514178046256,Medium
9625,0.36091378971330884,High
29578,0.15042932688440222,Low
8501,0.011918973748274298,Low
26146,0.10223790314980268,Low
26775,0.6274910752891907,High
20718,0.24579566143944134,Medium
25264,0.21399438633900986,Low
22177,0.39099359673097206,High
12132,0.42813102566757094,High
155,0.2091818677656572,Low
13348,0.180099974513979,Low
3111,0.23310472490687942,Medium
506,0.12772486181178153,Low
11877,0.22768109286179583,Medium
13558,0.2136598898028173,Low
3695,0.45658075148704097,High
26161,0.28803863444919947,Medium
26187,0.1925310506834832,Low
22915,0.05042266176387601,Low
23636,0.40538544656846753,High
12871,0.10984527410172291,Low
14724,0.05134071544399653,Low
18215,0.25271595190929513,Medium
29459,0.05169419838553835,Low
6634,0.18695292053717405,Low
17017,0.1923603594769285,Low
23914,0.28085397636558146,Medium
5122,0.18489123671804733,Low
12275,0.5349759239974891,High
6309,0.22852037034942746,Medium
872,0.23754243202617403,Medium
9371,0.21287529599712654,Low
27114,0.20718479921952979,Low
900,0.1414957527881993,Low
23044,0.07763305429340916,Low
244,0.15031005312854484,Low
288,0.13034405159657517,Low
18949,0.11012465949773008,Low
20824,0.2060261016734248,Low
24027,0.17551142061145575,Low
27190,0.2988128528931869,Medium
18017,0.2603080916484151,Medium
7122,0.16524839415047424,Low
4024,0.07027360268811177,Low
3032,0.25801849513868175,Medium
17673,0.21626142309431007,Low
26787,0.11454398285297601,Low
28455,0.18777757010762056,Low
6827,0.26617378883327997,Medium
16525,0.30714671550329714,High
23884,0.13865059892345202,Low
20190,0.011132616495758144,Low
16757,0.0770003152209408,Low
26332,0.23924165644811882,Medium
12526,0.09563235120159402,Low
6347,0.13189937781479324,Low
17461,0.5270533921744582,High
18176,0.14235103033102134,Low
8668,0.06281612468109496,Low
23303,0.1259816208339798,Low
13722,0.2275460877303736,Medium
8360,0.23147506140560897,Medium
25677,0.3832194608973518,High
15723,0.14763199567712698,Low
15778,0.43124035626337104,High
26682,0.20266842806095214,Low
1365,0.36191993924796695,High
28814,0.2103895496571077,Low
20051,0.28024909795360237,Medium
12696,0.13192888638103692,Low
9522,0.8516798128601152,High
20716,0.24649058024490786,Medium
18883,0.10010773692485223,Low
18959,0.18925706495073746,Low
9104,0.1927621289363729,Low
18537,0.4961190627657278,High
25524,0.23092521886832543,Medium
6942,0.07964958940993674,Low
28520,0.20085492083462592,Low
27935,0.1009665014003539,Low
9757,0.15249304251271215,Low
1957,0.6478784331130529,High
12734,0.19717418646992915,Low
165,0.25613424561560494,Medium
13939,0.211993782107886,Low
9357,0.05511703601642796,Low
26810,0.19402356930574713,Low
18419,0.16871273526943492,Low
10876,0.11784934169056088,Low
8148,0.25799355740025454,Medium
8311,0.18787410003642657,Low
4731,0.18159034570116078,Low
18878,0.1910067273117563,Low
23391,0.05187360978583184,Low
4595,0.32529527988397194,High
5604,0.15177369652188044,Low
21727,0.5140047740547865,High
18492,0.14010732602937195,Low
13991,0.1820350866107135,Low
11268,0.08442901653930092,Low
35,0.039941832614963584,Low
28886,0.06363555250431466,Low
25172,0.2317308090572296,Medium
2777,0.5277612171832521,High
2817,0.25698245614483867,Medium
25698,0.1247653437254661,Low
380,0.22092558126045309,Medium
13275,0.20393593107450325,Low
9092,0.12639462315141597,Low
15888,0.14447803682756605,Low
18962,0.4276319235064689,High
7154,0.16977161364919244,Low
23140,0.04867244258059602,Low
6374,0.9051911376714485,High
15192,0.12448441588162497,Low
1756,0.25686966574913545,Medium
25561,0.08359653153038621,Low
16626,0.6338063233664164,High
26853,0.11667185686240154,Low
7044,0.2461576437735532,Medium
12820,0.6340858451771509,High
23643,0.07137924783705946,Low
20163,0.118758116010791,Low
19711,0.04895055464633192,Low
18301,0.25637910682279025,Medium
23294,0.04713659956831651,Low
5739,0.47410467365815717,High
22241,0.12364680889010878,Low
4385,0.10708114858925716,Low
17937,0.22085761156425923,Medium
26260,0.28224362442640094,Medium
13194,0.31344280591504253,High
29429,0.22148696231486428,Medium
25437,0.0951778013567404,Low
12508,0.25308554368823827,Medium
19932,0.23280341550436892,Medium
26967,0.2549298463831585,Medium
25249,0.7520639517369462,High
25004,0.10727254915387363,Low
22768,0.05501379361666505,Low
25094,0.11360750215489243,Low
18659,0.641357123143683,High
1140,0.13156765452665517,Low
28150,0.5935405598787838,High
23212,0.19791549880195908,Low
28172,0.21215752956012332,Low
29421,0.1279841647957757,Low
100,0.27509318972361263,Medium
24099,0.1064942125593659,Low
20652,0.5900811702143866,High
19972,0.24744788045187568,Medium
12378,0.22198534263166914,Medium
12364,0.10015739057839791,Low
11421,0.033258239252283786,Low
9185,0.22826974614160186,Medium
3467,0.15277869736377037,Low
19058,0.32944783465291066,High
26,0.20624933281453958,Low
8908,0.18575054498861188,Low
21400,0.23758689591919124,Medium
24889,0.0998527502711912,Low
8120,0.04502229606533166,Low
20011,0.17299633780441903,Low
1260,0.5373395225818262,High
21200,0.14608767245937573,Low
4158,0.12519528693140952,Low
15931,0.04379058035628206,Low
12263,0.4083680637144468,High
26632,0.3077404046183626,High
6850,0.20414354698089224,Low
29757,0.42955563670811836,High
2572,0.2722791738186548,Medium
10370,0.5417128319995272,High
16241,0.10427514864726223,Low
12049,0.4284616848036366,High
10309,0.23684493137899712,Medium
4254,0.24414032107147418,Medium
14160,0.09687763760433245,Low
8091,0.4709523933322523,High
29486,0.23536734943422852,Medium
17292,0.2202472315559995,Medium
5018,0.2514296157101244,Medium
19698,0.5998455917295384,High
14836,0.18350171511448832,Low
25068,0.10346032417543417,Low
4050,0.12704750978470464,Low
9780,0.1358488471543621,Low
14270,0.19848438026609755,Low
18543,0.15854481493532518,Low
12797,0.3958635952745801,High
10650,0.03335126977927947,Low
19744,0.17720621599263056,Low
1797,0.1569109075481464,Low
26336,0.04165057903245001,Low
26500,0.06006912254877649,Low
19682,0.20556023294366307,Low
27184,0.21557066311401846,Low
21429,0.2112225992402867,Low
2974,0.6416043866657423,High
18474,0.18650486883501124,Low
23818,0.08529268043521954,Low
8780,0.0497588742520073,Low
1089,0.24254057506287555,Medium
15901,0.24778548542561846,Medium
7802,0.11264460181149825,Low
27231,0.5445741699808634,High
15031,0.528637387091223,High
12762,0.20872751731562364,Low
23255,0.13784962914477364,Low
24857,0.03755875443271071,Low
8442,0.2920361495201252,Medium
9534,0.2563942844911676,Medium
10254,0.10577049835048798,Low
29841,0.5402422298377683,High
7858,0.2332124293407762,Medium
22797,0.1627953778548359,Low
10566,0.11749686169865316,Low
17932,0.3248698141351225,High
6104,0.19835263048286436,Low
24498,0.20028959588170686,Low
28904,0.09069566393256331,Low
5678,0.2600485047414229,Medium
9016,0.26282655543327715,Medium
7200,0.21877132564604598,Low
27500,0.818978788797142,High
10488,0.17956961340842123,Low
10919,0.17864367665671535,Low
9529,0.23142943946529845,Medium
13773,0.45426072002494267,High
27591,0.23014706603166243,Medium
14966,0.20253459494911957,Low
23579,0.10370815640086022,Low
17486,0.5828754398266569,High
12215,0.27894467059446243,Medium
1469,0.12086242286694515,Low
24414,0.12641431663369376,Low
29642,0.12922930260104337,Low
8047,0.6463383255028948,High
27384,0.15644276564304951,Low
846,0.09934969325208533,Low
19125,0.1551372123167902,Low
20453,0.15061851422524464,Low
13209,0.23335261336968588,Medium
26396,0.09453526380938698,Low
13870,0.11992899778245919,Low
20552,0.20465507450870216,Low
25468,0.6503133260208869,High
4864,0.1215761664161578,Low
6743,0.058539893335957535,Low
16257,0.10616314313655593,Low
19615,0.16338417786697487,Low
28726,0.10227765725282366,Low
25241,0.18337072767675267,Low
19899,0.4976244744438129,High
27538,0.2971842809827403,Medium
17164,0.2069993347159166,Low
1198,0.18752222721244932,Low
3927,0.2327569302244926,Medium
6252,0.06252651137458065,Low
18007,0.03455840818437747,Low
26444,0.26061903099561834,Medium
2433,0.6178064475556109,High
3015,0.05932905308994714,Low
9063,0.5981856977960947,High
22601,0.06427162275830524,Low
13177,0.21114683578490756,Low
3286,0.033593554172742,Low
22469,0.25703285697111866,Medium
25832,0.13297064564821498,Low
14456,0.16976534215710737,Low
20798,0.5191609428488339,High
3545,0.26435135655489683,Medium
8483,0.10959264090356749,Low
21985,0.0872802166848183,Low
4904,0.14783904713503832,Low
4260,0.397077281876015,High
26882,0.07813804196129533,Low
5352,0.09104522459971516,Low
478,0.2426296516869011,Medium
22010,0.15256657151837957,Low
749,0.4231329990057238,High
23304,0.20440732090661798,Low
28502,0.4660122074750685,High
1417,0.08742429271575207,Low
20883,0.06601299114331378,Low
4305,0.12514297530383486,Low
21072,0.08342464937678037,Low
17622,0.12656723272692938,Low
19009,0.06954688500694338,Low
29435,0.19197672062201698,Low
15305,0.12889437907349527,Low
10606,0.17132264502566658,Low
23477,0.015863192691215656,Low
9828,0.0465867052538966,Low
15425,0.5043330448934287,High
13879,0.21744006972259136,Low
25347,0.045114643545919424,Low
28542,0.11982311533089142,Low
20529,0.2151374431116078,Low
21151,0.19316054540977515,Low
25977,0.22192666025667912,Medium
17210,0.10804074941076222,Low
13118,0.0926156317967243,Low
23951,0.4364935931213192,High
15973,0.31510950949959254,High
13863,0.09843139207411,Low
29449,0.18979400209488323,Low
21732,0.11022299537611202,Low
817,0.5740263900520612,High
23338,0.04281021058949103,Low
9982,0.05049657679250476,Low
18637,0.22970217536556312,Medium
8550,0.048171369030725567,Low
29263,0.2282851537135298,Medium
12774,0.1321582137509325,Low
19500,0.21489244796923707,Low
23108,0.1824826438347342,Low
27581,0.4736032174135855,High
29494,0.6922377752418487,High
7155,0.6117952771989152,High
327,0.18698238898978342,Low
29227,0.23654513186718398,Medium
10562,0.04422758802269721,Low
17307,0.11553787657201316,Low
20094,0.10563949091360977,Low
17604,0.20385229894649443,Low
4223,0.4721341357083163,High
18409,0.18940724255545818,Low
1054,0.20590026874580836,Low
11754,0.1869730989004554,Low
24366,0.1325529721668817,Low
10727,0.18486986074404926,Low
16737,0.05989241064760364,Low
12360,0.2688323206906669,Medium
18106,0.11284451307959081,Low
26573,0.24210081955645202,Medium
26342,0.08161626483953631,Low
2767,0.18403272115704913,Low
27545,0.5168083162560348,High
14560,0.20523531435892464,Low
27719,0.4230975530577214,High
5769,0.1275775321735992,Low
19621,0.11069024255861387,Low
23563,0.18202702238144516,Low
7317,0.2098929064197635,Low
23251,0.23401053692748333,Medium
11517,0.8701369122511031,High
22563,0.06517121489184763,Low
27654,0.4663641758555408,High
20854,0.21299788757915986,Low
10621,0.04768148146680312,Low
9610,0.46132710587654985,High
20458,0.1256535925179034,Low
18394,0.5816348776949496,High
24345,0.10391430231968406,Low
25076,0.04908928431356553,Low
14215,0.10311612428583412,Low
2404,0.13526996812646042,Low
27451,0.10510693541125891,Low
10751,0.2653091392490427,Medium
28476,0.22806316350766873,Medium
6822,0.12081842598057925,Low
9845,0.05814687002106205,Low
4190,0.40184486964351607,High
11637,0.21317593925694225,Low
14568,0.07347835893348886,Low
27035,0.33347462174147185,High
9292,0.13222725087720577,Low
10875,0.15684872243852915,Low
24216,0.034281108121727445,Low
9722,0.18346461157193333,Low
22322,0.1252753659593496,Low
18085,0.2728472164867275,Medium
27107,0.1111933502842489,Low
18349,0.22643107388885964,Medium
10834,0.30253118108926963,High
13391,0.5421884037386905,High
3503,0.14103297803118187,Low
21485,0.12097491485651446,Low
20339,0.5181321344005121,High
2953,0.4055684501835878,High
26539,0.23263567911644945,Medium
26254,0.05367237142402886,Low
7778,0.19367784273238295,Low
9098,0.25137064675467813,Medium
2461,0.1452592114789105,Low
11005,0.20780075706768975,Low
28443,0.5134952872926237,High
12956,0.6079461297910327,High
8758,0.12158989751039091,Low
26088,0.23297519533423647,Medium
4263,0.3766153571711868,High
2184,0.1305183923754637,Low
21167,0.6138857092067218,High
4592,0.1161204158553903,Low
4710,0.0834377813935624,Low
17797,0.1191071761842743,Low
22400,0.1581038536714951,Low
28084,0.12393561497632574,Low
25712,0.13715310941754655,Low
5293,0.26851693468021354,Medium
20238,0.23215884107220147,Medium
24712,0.46229163353833685,High
16472,0.21612943809916144,Low
13577,0.25762606578630964,Medium
3505,0.14562765073653716,Low
14006,0.1696475312083106,Low
10653,0.24699868814507664,Medium
9410,0.03663471953433441,Low
9343,0.22648309311754553,Medium
22732,0.14276985709114248,Low
19269,0.10013553301937926,Low
12773,0.20238775374149298,Low
16250,0.059327595652631654,Low
4396,0.12674537001274097,Low
19644,0.0895962800644178,Low
10484,0.08236487414066641,Low
21004,0.3027916300923518,High
21437,0.23461263172032093,Medium
23880,0.04676372126857815,Low
6538,0.09755197092696208,Low
23514,0.15730624970883517,Low
26157,0.14583679366815563,Low
29378,0.18869094667779876,Low
5146,0.21366658906375038,Low
29592,0.1487328553949572,Low
502,0.4717905209556995,High
9418,0.25755076527228987,Medium
24887,0.20450631007090284,Low
22517,0.1996751496813687,Low
11419,0.248183061824629,Medium
19153,0.1619401802322288,Low
3710,0.17982041034022023,Low
8277,0.24878462756816297,Medium
16735,0.2784992843244,Medium
27496,0.14341933018907366,Low
4554,0.005798550370410937,Low
13079,0.12867858835735407,Low
25943,0.4657277970086431,High
23385,0.4942817728638686,High
20830,0.2778643139246465,Medium
2967,0.2534385070780458,Medium
24529,0.2107275257715442,Low
2552,0.19652327218838306,Low
20886,0.4216992442636147,High
25867,0.2964474542535334,Medium
3470,0.17551192991314343,Low
12827,0.4218282347140797,High
19571,0.23320988831039413,Medium
11028,0.04768151258353959,Low
26753,0.221381889154381,Medium
22607,0.5500284987772605,High
28196,0.02588771312476662,Low
24098,0.19955882042262368,Low
10440,0.23267257098192168,Medium
297,0.12130826334003406,Low
15655,0.12506876290445587,Low
19596,0.41265100408609,High
2240,0.10743417940274465,Low
3419,0.4920402376163529,High
13788,0.24910817455788556,Medium
19319,0.1130156913742451,Low
1603,0.16567205195646012,Low
21586,0.1802857026393701,Low
26903,0.21194189335569225,Low
1871,0.15538248374314392,Low
25117,0.08865395185623655,Low
1886,0.06124078869848632,Low
14508,0.1809538465304915,Low
27987,0.1122691608693713,Low
20415,0.2087018742618185,Low
27669,0.3437496847481878,High
18951,0.35748254183326,High
22103,0.20077758282067276,Low
18042,0.3545787747383445,High
24541,0.2389378095371732,Medium
13144,0.22626617667024812,Medium
17595,0.25151379038443583,Medium
2983,0.04833717709943982,Low
765,0.13969623660402045,Low
1793,0.1591918218921158,Low
15,0.19818993031868756,Low
20081,0.00925577801544574,Low
18923,0.07218040532294455,Low
17978,0.1615751751621272,Low
7315,0.15044947587241536,Low
7454,0.14537651096890472,Low
9824,0.13634855977025748,Low
5723,0.08276890896411845,Low
7534,0.04571159318235233,Low
10389,0.23788444913204093,Medium
9090,0.8442789658086602,High
8207,0.2571934898221985,Medium
10325,0.09859100511825356,Low
19342,0.20010523400496877,Low
14970,0.11334164790482365,Low
15363,0.16655572335166016,Low
5125,0.2771598849570347,Medium
14559,0.23041020531709666,Medium
12979,0.2947699017589905,Medium
6947,0.46393210330711315,High
24950,0.17814564981510583,Low
26548,0.04136130368745065,Low
23137,0.06680155509852385,Low
18567,0.08395121320678833,Low
14078,0.14471799488148374,Low
11315,0.452082933222816,High
7049,0.541946936228412,High
6804,0.19239303487414294,Low
10758,0.11865135663726838,Low
23529,0.21002822316210087,Low
14465,0.15387860294985295,Low
27722,0.1123126995385285,Low
23890,0.10919048802513034,Low
12067,0.6266162276426357,High
24493,0.2030739958402038,Low
3594,0.6184979415488596,High
12916,0.14433873616146514,Low
27588,0.14701335337483812,Low
10615,0.23503507596613843,Medium
10611,0.26824742199936985,Medium
1707,0.5534981335862604,High
119,0.08281962266539089,Low
28082,0.9316629310758759,High
4604,0.02488971974179877,Low
13341,0.301656599870341,High
24093,0.5170166606088691,High
23577,0.060837334009794145,Low
10238,0.3010825619993502,High
3658,0.1980301588502115,Low
24926,0.2658708575304681,Medium
19019,0.1274123457528266,Low
3719,0.2209708712568462,Medium
14808,0.4494189100291757,High
26578,0.06922571976169174,Low
84,0.18356343692323115,Low
12243,0.11818305372826426,Low
14981,0.6530911081069367,High
6809,0.157610642116978,Low
17383,0.15465881506247797,Low
28168,0.2230882603532419,Medium
27265,0.0525314578006411,Low
24306,0.20718274782118912,Low
2867,0.207448527281486,Low
23116,0.21372709472131848,Low
9216,0.1477785894626301,Low
14585,0.34992543235471096,High
16006,0.12711341593584374,Low
4896,0.10651167432004277,Low
3808,0.1719579017074172,Low
9170,0.2241886139016184,Medium
11349,0.13704685830209845,Low
16049,0.26230903265408434,Medium
28436,0.054021157594321884,Low
3243,0.4776320375469284,High
22484,0.12289466421183422,Low
8255,0.22196140153315314,Medium
21532,0.19298564252749373,Low
1284,0.05394178107698728,Low
3074,0.08965785676464126,Low
13705,0.0417836727172548,Low
29468,0.2216556941734555,Medium
8672,0.08638732698471374,Low
15128,0.21350137028806893,Low
25138,0.23759996228153918,Medium
7083,0.47887989385839147,High
185,0.2315167823563709,Medium
13697,0.5991354173582601,High
28267,0.3134105184413575,High
25604,0.054400003493039494,Low
12044,0.2956172584876975,Medium
18389,0.0854106407552016,Low
1106,0.0716108919996445,Low
23863,0.13939742099825186,Low
5965,0.21822950309501282,Low
7084,0.0306882872885287,Low
951,0.17927703831165423,Low
15614,0.19764006881093985,Low
29515,0.1635861949326176,Low
19900,0.2778715360938823,Medium
852,0.42818894943414854,High
17730,0.2050046211483508,Low
8981,0.07246187473183062,Low
21723,0.2305494361714661,Medium
21417,0.13710609302057267,Low
17774,0.22117193755451275,Medium
19267,0.12174668857676806,Low
17390,0.20586010103182942,Low
3110,0.1337935882740597,Low
23187,0.09018176378820941,Low
23435,0.054169646757192824,Low
25155,0.5085563928814673,High
24653,0.1309144984394524,Low
1261,0.23200858467254748,Medium
3967,0.28722885904672746,Medium
7799,0.2668149506160972,Medium
23715,0.1922224596686266,Low
4560,0.10297875669509404,Low
12972,0.10705681024530023,Low
8991,0.12319882310453346,Low
12164,0.4964536112235702,High
10444,0.03581875968370347,Low
23994,0.12545239859288201,Low
4416,0.14694523477486754,Low
14957,0.23417849843843297,Medium
22518,0.10878062984912254,Low
25164,0.1954432556526577,Low
11976,0.18136673859780952,Low
24041,0.12327708209918604,Low
15486,0.2270785989778047,Medium
5894,0.19046735103666987,Low
2422,0.8583455375302377,High
28154,0.2265950164610309,Medium
2320,0.12899089771095668,Low
24380,0.06265859564967163,Low
23250,0.10869054834214416,Low
29392,0.3195060803571076,High
20957,0.17789917577386263,Low
27944,0.09726960503676813,Low
4812,0.2247768545971076,Medium
2248,0.3732349355203499,High
14280,0.09682871915046433,Low
17120,0.1461181000160133,Low
16761,0.20815684868585185,Low
25414,0.24824512130949344,Medium
18008,0.08538572968194144,Low
21221,0.622437761057881,High
16263,0.08706560334137459,Low
11539,0.3046779776980144,High
7567,0.24981371610856393,Medium
16130,0.25081536475628635,Medium
5750,0.10871383369210985,Low
782,0.17028177112193316,Low
19351,0.4132939109232414,High
22562,0.10451363014136711,Low
10433,0.01208453568465301,Low
4656,0.27661878101947407,Medium
197,0.05949531157259866,Low
25032,0.23800788730914865,Medium
21259,0.026697539038491955,Low
25054,0.7528983448015703,High
29094,0.11855833425043981,Low
6387,0.5445156294842207,High
27992,0.18858227631709015,Low
7637,0.13597083002503912,Low
26172,0.2369388016617251,Medium
7809,0.20188270707180653,Low
29260,0.22919992827778465,Medium
19567,0.045663904751284,Low
28042,0.024836755471314618,Low
22823,0.24761052880393003,Medium
28734,0.25702921855461264,Medium
29121,0.10062311463692233,Low
24576,0.12023503079534602,Low
13251,0.24462760101261172,Medium
16057,0.20047056363235405,Low
21445,0.1998137835000216,Low
25794,0.13697742318015307,Low
14014,0.2558728392484649,Medium
28989,0.2051441063237333,Low
11231,0.2808245563151294,Medium
17463,0.17070565515032451,Low
14974,0.8232810189509113,High
2619,0.2032687605549759,Low
6256,0.5416967314362741,High
17301,0.19313251715989266,Low
2961,0.25417838369571694,Medium
6503,0.08651166770107599,Low
26075,0.05830541227663711,Low
10859,0.1359778146265141,Low
6305,0.11519190736011788,Low
18572,0.11134160350257662,Low
2455,0.0913801837939601,Low
17860,0.1873950785289545,Low
21993,0.14963731824462434,Low
3215,0.2723960738452701,Medium
20576,0.1208728546695238,Low
8373,0.1962923592666765,Low
25812,0.053535020263648384,Low
22804,0.21191397686522398,Low
21995,0.20324272215198738,Low
5790,0.06058578290888607,Low
15349,0.2418762132779786,Medium
12784,0.1740091208062402,Low
19922,0.2263264574496182,Medium
778,0.12058437705148382,Low
27854,0.35308034051552795,High
17804,0.05077922474323603,Low
23519,0.09617512599151758,Low
8227,0.13253015764345186,Low
28905,0.18262204444239852,Low
29087,0.25846148825591087,Medium
29703,0.03297991848727709,Low
14370,0.21557177020784699,Low
11693,0.3581686087192446,High
25243,0.12250696661133723,Low
447,0.15428003238861393,Low
7008,0.18709505289571818,Low
22378,0.1751440799880878,Low
20502,0.166842016579953,Low
15636,0.10781233470416741,Low
29783,0.1214711341724109,Low
27771,0.17506811079681076,Low
1864,0.18972408644547398,Low
24924,0.15189957824045447,Low
25218,0.1920772571422076,Low
17081,0.18300454463318108,Low
10290,0.2484823713229522,Medium
19316,0.8443949119456169,High
3268,0.1287522641143335,Low
3069,0.12853866374191503,Low
21415,0.10322016227690443,Low
27606,0.20460405409170743,Low
9206,0.10200141596495342,Low
20624,0.2198761835957258,Low
7618,0.13644921498023224,Low
25995,0.19280545989467193,Low
16408,0.2805409398799601,Medium
27797,0.1187191002837389,Low
8325,0.06327634660733386,Low
2024,0.04420864843703312,Low
12853,0.12422738251629185,Low
19025,0.1395104916370043,Low
5828,0.08417429754766025,Low
245,0.19157279727412307,Low
17362,0.41867029464514544,High
12248,0.2049050811886836,Low
12006,0.45100118269446765,High
7191,0.13507714865846498,Low
999,0.10914544045800041,Low
20944,0.45738792287735536,High
29100,0.24919966275849117,Medium
13725,0.17071866192434126,Low
16474,0.22426829107798693,Medium
857,0.287973903122449,Medium
5156,0.12294545052643886,Low
16623,0.6124990642126233,High
18771,0.17707269003638146,Low
22678,0.103688310819198,Low
25238,0.157904559900585,Low
7276,0.24932818305890553,Medium
21635,0.4651252530110095,High
5929,0.042504513804846496,Low
19939,0.21572590300543593,Low
7683,0.19724381711731603,Low
23687,0.043615881388685676,Low
28065,0.2233937863542684,Medium
28235,0.1407307787113822,Low
14481,0.24745126472669626,Medium
10088,0.17657564214705976,Low
29945,0.6382561678232517,High
15468,0.19011760659494767,Low
7493,0.253411994349724,Medium
9929,0.08153256651193318,Low
25909,0.19829395955681975,Low
28636,0.5588310489142223,High
23664,0.10538005594365328,Low
15355,0.11034849510693591,Low
18531,0.0906779803975303,Low
14332,0.06818940301393588,Low
2315,0.2004358196446789,Low
16765,0.5949575650013804,High
22451,0.20742002760637837,Low
2741,0.22497175229388466,Medium
21543,0.2018740999106798,Low
27310,0.15273665570549436,Low
19286,0.20356620160530836,Low
3259,0.028723092674003765,Low
11923,0.26059227869385204,Medium
26781,0.15940375674166002,Low
6428,0.20182383692891875,Low
10634,0.16698993434623588,Low
3120,0.05212902019678195,Low
16659,0.22096307619747985,Medium
29328,0.2403152622965216,Medium
13943,0.08878443286764366,Low
21359,0.20501079427027474,Low
250,0.2593509919401251,Medium
21554,0.22992127458388179,Medium
9274,0.14831565723365525,Low
8580,0.26385662896078893,Medium
13350,0.23538136840273943,Medium
2216,0.1540953623207199,Low
16343,0.22602678678702495,Medium
28093,0.16728706628593862,Low
17005,0.583413549631591,High
10508,0.21953684597872128,Low
20089,0.02646198358588619,Low
10036,0.151119247123424,Low
2594,0.042061724145990874,Low
8987,0.11563630042671066,Low
13535,0.25144448644527234,Medium
4969,0.1436420245803656,Low
13333,0.24364442935565303,Medium
10136,0.15425265038472297,Low
27425,0.21051077993998588,Low
13517,0.36750766486689485,High
12441,0.2388312925381853,Medium
460,0.24847800370514242,Medium
14173,0.08509775972770689,Low
1762,0.1261041649784799,Low
29481,0.29228813186686864,Medium
4431,0.19398047908110141,Low
4323,0.10071862103452801,Low
9770,0.15772926724328554,Low
13703,0.28246242970587965,Medium
8521,0.6483580218271584,High
17686,0.4086843920821768,High
20405,0.011582107750711907,Low
24013,0.8193505153365201,High
20004,0.07827937374901256,Low
20293,0.22617746784264037,Medium
13812,0.12802045298677578,Low
18777,0.16213657228908537,Low
24630,0.15275408195468018,Low
23668,0.11938901261289715,Low
1292,0.2650831912858712,Medium
11363,0.24130295433165544,Medium
5589,0.15229851406309258,Low
9258,0.1064648592326077,Low
21472,0.1781776112564331,Low
14337,0.18796820097819553,Low
7856,0.21104000611364615,Low
7526,0.2527872300457933,Medium
8199,0.25631709007983944,Medium
7613,0.1720719406278102,Low
24908,0.23368961033162927,Medium
23005,0.04360176620518977,Low
8323,0.06604648816599348,Low
13081,0.2069191889471433,Low
29719,0.19776242141234626,Low
14255,0.35755271525304194,High
18991,0.2497898432231205,Medium
9315,0.10648622901864484,Low
798,0.20700666529338382,Low
3147,0.116130520412704,Low
7354,0.11326223944331258,Low
28451,0.02731770492186406,Low
28080,0.24534919689498286,Medium
13014,0.13396242472355802,Low
2367,0.08571394557230774,Low
343,0.1371354134774198,Low
29081,0.2929277741012227,Medium
6525,0.27449344948373405,Medium
17166,0.13536416300356297,Low
25520,0.08288526363873898,Low
25915,0.0664112582546771,Low
16046,0.08408338695901944,Low
22032,0.14807528216512983,Low
21598,0.2830165387630946,Medium
21924,0.1898311596170327,Low
25807,0.17569093233012875,Low
6383,0.3765727190503295,High
21662,0.10925325022224082,Low
1190,0.15768684368236252,Low
11821,0.1424282406180302,Low
15280,0.4924711578543314,High
21315,0.07555340239073695,Low
21799,0.20805657988293377,Low
2247,0.19928925979988585,Low
17111,0.21759717024165212,Low
14059,0.25830611878620696,Medium
9550,0.38324503361774004,High
14497,0.2858865537267394,Medium
7839,0.24558807730421717,Medium
10429,0.012592699481716403,Low
46,0.05765832733489514,Low
26282,0.16652715992630512,Low
20661,0.12006741014110514,Low
357,0.1374614621374423,Low
955,0.10442572221952738,Low
10550,0.15277282904413475,Low
17976,0.23334456281317018,Medium
18200,0.2444184018980587,Medium
26442,0.22973042324026102,Medium
9796,0.16685425671066367,Low
26451,0.18776072037217517,Low
27902,0.06363777434031592,Low
15960,0.5050187549166402,High
18135,0.06840499830286297,Low
10644,0.36731130999859396,High
13043,0.13593070261845366,Low
29917,0.18063252224666787,Low
14961,0.17895960508196876,Low
630,0.10717205788884156,Low
12223,0.6616244786773812,High
216,0.15641107290177758,Low
14884,0.5793356078978723,High
21970,0.14021538343399664,Low
17754,0.1983933801313049,Low
13126,0.060803935415940404,Low
7923,0.2617542730272101,Medium
2536,0.28302255157643225,Medium
13906,0.11607289942300776,Low
18710,0.20446281494652002,Low
15084,0.03938110357894071,Low
13235,0.2035061574900702,Low
9131,0.47303157499782855,High
18234,0.027030335095176855,Low
4095,0.21778014512903446,Low
12200,0.220071970951406,Medium
508,0.18830119808929785,Low
10169,0.2079933754111461,Low
10044,0.29092035024431967,Medium
25894,0.04402134040726583,Low
14602,0.11018899251751009,Low
4566,0.2711128044438444,Medium
26407,0.24903521600165388,Medium
15575,0.27163704177027415,Medium
26680,0.2940476466289909,Medium
18236,0.28368278069782904,Medium
25368,0.15260664994898296,Low
13671,0.1370950935543667,Low
22421,0.22161677348683448,Medium
15052,0.2594074807404346,Medium
1143,0.13747681151027635,Low
25594,0.19471040844838194,Low
3116,0.16424467243028493,Low
6739,0.27577620993930424,Medium
29151,0.26122773534928123,Medium
20770,0.04424021365518394,Low
26414,0.1864956871153797,Low
13513,0.24668750500762557,Medium
7247,0.05232789181714086,Low
5193,0.10787538109361057,Low
28115,0.17910613588834493,Low
7994,0.0868906351327157,Low
1447,0.32951181287856096,High
2069,0.2584468822640616,Medium
7956,0.31292900475068597,High
15530,0.16923673537200343,Low
18974,0.22018723345757704,Medium
17614,0.09456812083523992,Low
13158,0.09686710976534942,Low
25390,0.08146591682066633,Low
2498,0.05066791184161824,Low
10272,0.21604299446177416,Low
15594,0.35308366336214775,High
26767,0.2196616693609687,Low
13331,0.2762621719560103,Medium
16100,0.13499095190833635,Low
1451,0.2483315841809691,Medium
20918,0.2265965476169192,Medium
25514,0.21030889624204013,Low
11835,0.5172099146669992,High
28754,0.11595332908847054,Low
11163,0.04403070804903926,Low
13156,0.2410507307455413,Medium
17193,0.021892919565557473,Low
4620,0.22254374486922343,Medium
18469,0.0989474808309296,Low
26937,0.39322445760800084,High
2910,0.18935353599361257,Low
10047,0.22429190511207564,Medium
16634,0.5610560414847849,High
17258,0.1763777030093114,Low
1868,0.27696802812212284,Medium
1708,0.1627475908654333,Low
28627,0.1949796884739314,Low
1002,0.16208819767345609,Low
12736,0.04808171612808735,Low
4049,0.2509878997312656,Medium
21161,0.1216548299586466,Low
21440,0.0916382548479981,Low
20741,0.17191107052286725,Low
19604,0.05250774730299688,Low
11978,0.3827233416050728,High
23520,0.1351634173581232,Low
24078,0.06813302674003276,Low
4660,0.6223343510611175,High
3663,0.08697123633636565,Low
2295,0.17737740584484432,Low
13582,0.11788475892554054,Low
12537,0.05054224595575758,Low
3591,0.28998500160597207,Medium
26844,0.057100516446948385,Low
11972,0.39751934072176687,High
3506,0.1038446554904057,Low
16148,0.18215291214105175,Low
7751,0.1716365653026858,Low
747,0.25111920669709575,Medium
29940,0.2317675168312297,Medium
6017,0.24603880959816807,Medium
17724,0.23797621880230327,Medium
15118,0.6692372366433447,High
21114,0.04923391597140983,Low
5679,0.23239673287427917,Medium
7904,0.20975975416562845,Low
16524,0.22766346814111926,Medium
19742,0.048421547821755,Low
12611,0.22204839086329256,Medium
971,0.1260046196820324,Low
10881,0.19037073681177155,Low
13604,0.243756388737108,Medium
26480,0.24608664832611768,Medium
9708,0.16190084135601235,Low
23539,0.04826840854587326,Low
9729,0.04071579694050171,Low
22600,0.0218524304891645,Low
21738,0.1394098461541385,Low
29243,0.12210254117692108,Low
21505,0.23099803818483655,Medium
23505,0.04544091148158511,Low
9138,0.06213189410625317,Low
28748,0.8274098351381456,High
22061,0.5656070428077743,High
27586,0.4666598441237939,High
3558,0.21379787126388738,Low
17840,0.1032338544864356,Low
3442,0.2992377691679094,Medium
24644,0.24535928882854943,Medium
9498,0.13074202078362773,Low
26106,0.2394595733424582,Medium
9180,0.051956495591632394,Low
10240,0.23763890698794018,Medium
24745,0.2531118016574664,Medium
14216,0.10985294281411874,Low
8756,0.31101572224711216,High
3641,0.6095315989708489,High
20040,0.10701456402187928,Low
847,0.022992583766102522,Low
21803,0.13558961792621807,Low
20433,0.1999163481066331,Low
5204,0.08758411068890748,Low
919,0.08098892258700606,Low
5324,0.2209269655526804,Medium
9287,0.6512266539491094,High
9390,0.4522276538476671,High
25690,0.020603187419316143,Low
16970,0.05362258426777893,Low
25301,0.2300441152028826,Medium
4655,0.24738293054111055,Medium
3338,0.21725882705441807,Low
26074,0.2788985475411188,Medium
9541,0.2350101301851532,Medium
12528,0.06463112857169355,Low
19671,0.3936007464501732,High
18466,0.22858290605812498,Medium
18647,0.1194688544521461,Low
22590,0.08222754455973767,Low
25633,0.09285546588814315,Low
7661,0.42130564247621927,High
21565,0.39401186482880496,High
19057,0.29929084285514534,Medium
11593,0.10572931822172524,Low
25237,0.059718762109396493,Low
29453,0.24924934384034922,Medium
5363,0.1788944409157459,Low
3077,0.18007464461143047,Low
14753,0.11731181122311068,Low
12829,0.27389293924806835,Medium
15443,0.11597554409513122,Low
16365,0.10578744840294915,Low
5851,0.18898423965222422,Low
18559,0.19092689875760346,Low
29222,0.23349827638736073,Medium
16861,0.2167676965777386,Low
4104,0.181134983526255,Low
4892,0.03317104888802043,Low
25497,0.12433659170329756,Low
13504,0.255307154338902,Medium
18435,0.06112356065594823,Low
27057,0.45407245734615564,High
17270,0.20616825665970054,Low
13927,0.2343679890342277,Medium
6237,0.124933579618963,Low
23584,0.16007626989866777,Low
27767,0.26106432326365875,Medium
1769,0.10656138464220692,Low
17509,0.2253594194966853,Medium
16080,0.17278427597738605,Low
28216,0.2469768858275394,Medium
21709,0.42364588703587086,High
29960,0.033149244228893975,Low
4998,0.14897535132280895,Low
20645,0.200936766784951,Low
14199,0.11686687177971247,Low
14361,0.18923386388418048,Low
26596,0.06217773045661475,Low
7139,0.20315833591704388,Low
19210,0.05203388076365358,Low
17043,0.14095052642192651,Low
26208,0.21338397868192732,Low
16436,0.06389904104928323,Low
18483,0.20019000400846818,Low
23400,0.04459066359906458,Low
17066,0.10680982153344643,Low
21146,0.1673386712568937,Low
8947,0.2865484904258571,Medium
4678,0.10074974848504685,Low
10255,0.21367196244965472,Low
15492,0.264828321055913,Medium
26409,0.09240037024744674,Low
20338,0.7026209605120115,High
6909,0.3283785332995614,High
11290,0.0484597692717332,Low
4933,0.2266961544823188,Medium
3990,0.11259245644397235,Low
7373,0.20460453469046705,Low
29195,0.1989796519769649,Low
626,0.22048216294343376,Medium
22887,0.29976266276203434,Medium
7359,0.1394213934245388,Low
1619,0.09802938038651177,Low
3929,0.08428417159146184,Low
26678,0.018313084581962125,Low
13393,0.22587069106115473,Medium
17519,0.1525253629539735,Low
2391,0.38638533479192677,High
2585,0.11680961451624762,Low
18817,0.09739129145105241,Low
4666,0.08434551336840977,Low
9358,0.07161279404997715,Low
314,0.18807187763746727,Low
18166,0.22209959133131182,Medium
25725,0.2310967972926542,Medium
7458,0.2065331647731112,Low
29514,0.2766555917511823,Medium
22435,0.21102147281562805,Low
13537,0.19952106775806883,Low
20610,0.5453252919164244,High
10165,0.05339750309496697,Low
21023,0.1052679887950921,Low
21325,0.11810132342696168,Low
10476,0.05580527235331976,Low
7729,0.22873863045509704,Medium
14009,0.18188324238375714,Low
16470,0.6466740288538019,High
17253,0.4937022840047554,High
14319,0.20742673844864395,Low
18956,0.19441591343880774,Low
26096,0.0647287024582215,Low
16123,0.11934274747275266,Low
24421,0.099610277296257,Low
19795,0.11517733209227682,Low
10640,0.23906398649388838,Medium
22619,0.5077218899293848,High
29456,0.2658047257099769,Medium
28446,0.2422341311009866,Medium
22397,0.1697840531115221,Low
21703,0.4298211605312223,High
16924,0.26671224615340794,Medium
4111,0.23317536471469763,Medium
12529,0.24489353430000624,Medium
17497,0.46709796577236923,High
2490,0.25045462022880927,Medium
10755,0.05305437933781746,Low
22440,0.19990205075240494,Low
13868,0.1460390442513975,Low
4227,0.0616121607362855,Low
28662,0.4215837109287492,High
21702,0.47229259362145387,High
21019,0.2541066662654929,Medium
8684,0.2031863274891295,Low
18421,0.4619966780214943,High
10219,0.23204092138451912,Medium
17175,0.3752259145939755,High
5442,0.03831274375259376,Low
5405,0.2892319526195514,Medium
7716,0.25270187695694796,Medium
28174,0.04899864493512723,Low
1400,0.2220556855503974,Medium
28059,0.20732877923759485,Low
23313,0.02263920935704004,Low
2632,0.23181846937830963,Medium
9687,0.19243450497470438,Low
7312,0.24779678142165865,Medium
1486,0.8068431862059537,High
21716,0.4324773147642376,High
28598,0.6698333188681179,High
29400,0.04941272731911551,Low
7316,0.11028241230285499,Low
17858,0.2072658371142381,Low
23496,0.22690227820693226,Medium
18281,0.46058317816011857,High
26060,0.09835628953813835,Low
27121,0.1993516033508597,Low
26358,0.07352963072818261,Low
16418,0.08290206436695205,Low
20390,0.4112180224467781,High
26540,0.29333312645713094,Medium
28552,0.0412103179148424,Low
27636,0.21444164475160238,Low
7746,0.27302422144133515,Medium
14960,0.24267779077977053,Medium
9203,0.1302693255301071,Low
8913,0.17577601514507746,Low
6107,0.30438647029010274,High
14702,0.16416944645126047,Low
13435,0.23365929485111162,Medium
13878,0.12740408031321532,Low
29414,0.6578398648582848,High
14657,0.20134276502435872,Low
17443,0.19216856207872535,Low
14331,0.6139970664811972,High
21296,0.2888443344627545,Medium
23418,0.580625416478983,High
1665,0.12539205681188034,Low
13798,0.4559617356796685,High
18353,0.0548743055316169,Low
28441,0.18482190857282285,Low
29947,0.06872258845481966,Low
1872,0.2247180919539073,Medium
29986,0.05649834220815718,Low
20241,0.06613037627362542,Low
23330,0.0361250853047634,Low
26001,0.24668342280944103,Medium
7935,0.2995905519925701,Medium
3091,0.24890493287424806,Medium
26446,0.26818228838790653,Medium
5935,0.19646393613972885,Low
21433,0.13984125865974611,Low
6367,0.25147414082402336,Medium
4997,0.04858396064265466,Low
2140,0.3250786314949938,High
11365,0.1781345300447912,Low
12887,0.12851158906983082,Low
17090,0.3184712826914621,High
19422,0.11616465459274311,Low
24772,0.2449776826171574,Medium
2369,0.13664820694855778,Low
11263,0.2953842274426888,Medium
16648,0.24258714958240696,Medium
11938,0.1502444257225782,Low
26121,0.20175830773576248,Low
28163,0.12012416214856131,Low
17355,0.1341431949019128,Low
27712,0.18771848805751196,Low
15026,0.23029046489729257,Medium
1971,0.21324431439358343,Low
9642,0.1598373114004284,Low
13554,0.01643561537644099,Low
19654,0.06264585856821525,Low
13414,0.11175424256721304,Low
29174,0.06138427122021677,Low
13719,0.2874375698057524,Medium
13994,0.0636289995366687,Low
16769,0.7213799497999881,High
28202,0.37237947758478135,High
25537,0.27697907128230653,Medium
6115,0.1865092343723889,Low
670,0.63277707868193,High
29653,0.09020520496701649,Low
26693,0.11530564954798242,Low
24178,0.19413075378553235,Low
8108,0.23650302862387762,Medium
14008,0.11849849532387893,Low
8499,0.24477710716484044,Medium
7960,0.507659019169508,High
22262,0.21753760393216826,Low
4402,0.19315594780627304,Low
7233,0.12137018733583538,Low
182,0.1484749964044774,Low
2318,0.253531587690593,Medium
17991,0.18666831924010752,Low
15189,0.1251734985222995,Low
24546,0.06401361715441685,Low
13862,0.16752692342387718,Low
26221,0.1350079183056949,Low
14685,0.11580213479034952,Low
11110,0.06032998928372623,Low
4832,0.18620307259443164,Low
28185,0.15181220519131303,Low
5069,0.1757607967799102,Low
2698,0.20348978231451156,Low
25482,0.08264461967506181,Low
15053,0.07357908415410894,Low
19669,0.22796874945826837,Medium
29079,0.3328154734555767,High
15910,0.4587373944884816,High
2885,0.09522215460939186,Low
27303,0.07141085768233171,Low
11520,0.32580085587763197,High
16516,0.4377973268787608,High
25060,0.12775166711801675,Low
20357,0.20925584466215688,Low
1706,0.28832346910574613,Medium
29187,0.23055251362136792,Medium
10773,0.3924229452539761,High
2702,0.22326829296934844,Medium
5814,0.14997869155217847,Low
18634,0.027263149141911032,Low
16661,0.049061709825071936,Low
4253,0.24173230849276278,Medium
2837,0.1405220503669999,Low
16303,0.5258327171805973,High
28380,0.23490525477132954,Medium
9187,0.14275166854739285,Low
5344,0.26051122426750867,Medium
264,0.03305472091762791,Low
27153,0.20400569265279578,Low
26440,0.2465632779068863,Medium
239,0.1416035771227947,Low
7039,0.2874696580306554,Medium
8470,0.2203080264298528,Medium
13030,0.16714537350359804,Low
18672,0.060711981657688874,Low
16586,0.10850794579113487,Low
28797,0.1289259193750745,Low
14922,0.21797256029275058,Low
26225,0.19858836230721244,Low
25477,0.08815899413921037,Low
13802,0.2911246756597753,Medium
22780,0.04690092039107308,Low
19924,0.24197935760815908,Medium
4360,0.11639944377864055,Low
10908,0.6167596017183592,High
9458,0.490325195496926,High
22497,0.23410310597697004,Medium
6794,0.14015614273331894,Low
17893,0.16608928100055848,Low
18093,0.4011774160982158,High
581,0.2949748979618548,Medium
22197,0.1621718858417416,Low
29767,0.2648194112075692,Medium
23189,0.1470646055910113,Low
15920,0.4768285997698895,High
28528,0.1556352580173967,Low
25511,0.6673693999617737,High
26295,0.12955227272332082,Low
8204,0.26068647758581004,Medium
28642,0.4780750407386235,High
26023,0.4344273177627464,High
1015,0.16097292598308763,Low
21341,0.32269023097722693,High
5602,0.21945391208973353,Low
1464,0.03881973111237093,Low
17684,0.2033513367956388,Low
11656,0.1267503540323655,Low
26651,0.4779052963172992,High
14797,0.6197049733021158,High
1930,0.15740309438826205,Low
5160,0.0896010207826845,Low
12427,0.12995339668281863,Low
1690,0.197700281110066,Low
9246,0.17377858247893596,Low
21882,0.09760047501235158,Low
29997,0.11303019484101444,Low
21125,0.24838100470186117,Medium
3055,0.33523742460413186,High
28243,0.5303377566467838,High
1404,0.05819239273780884,Low
16220,0.25398677367777406,Medium
28141,0.051110150065770056,Low
29277,0.2097731414696592,Low
17887,0.22180594015457142,Medium
16278,0.07934973995102217,Low
7537,0.11429798867972771,Low
8888,0.26633433397917283,Medium
9957,0.059802067984337216,Low
27301,0.21482487444639395,Low
12899,0.44968626868689193,High
14684,0.16924696934902556,Low
3767,0.6176536519177924,High
3141,0.44334675524144396,High
23184,0.23981775012637932,Medium
11090,0.1952176529443525,Low
29600,0.2588804051748446,Medium
27765,0.1885862252965363,Low
10913,0.5103834460186942,High
24342,0.5684850766535607,High
9664,0.09818211453727538,Low
8676,0.1731803476832449,Low
13484,0.22754907895933374,Medium
26404,0.09459601068499186,Low
24244,0.0339264287147127,Low
18742,0.052242001413455454,Low
17140,0.23994270020500952,Medium
10195,0.28602824534837806,Medium
6120,0.49487397376445197,High
26915,0.6232852403076353,High
18411,0.09385701854238146,Low
11774,0.2616630443457113,Medium
10956,0.1418692923082403,Low
27684,0.45462949420153953,High
14286,0.13816033920766388,Low
27946,0.11217883526371987,Low
13048,0.06512549442512154,Low
27420,0.16941451385326206,Low
15314,0.2443011437906711,Medium
17903,0.2697222040955245,Medium
18542,0.045709526834959685,Low
12985,0.12994131668098752,Low
27964,0.18614737072152227,Low
24925,0.1650685802933331,Low
23760,0.15778247325612726,Low
1256,0.35657137979968623,High
2427,0.43875751365835974,High
17024,0.22956999718776328,Medium
7959,0.07745110065742196,Low
22894,0.13672630332508434,Low
10719,0.1105028924198279,Low
11214,0.06020842710460024,Low
11078,0.05510791010790927,Low
7693,0.482674633378031,High
15721,0.11698975347929423,Low
22267,0.18442006974281777,Low
20744,0.21977870963208462,Low
12054,0.5442732343898337,High
11010,0.08955888925009706,Low
28711,0.246743623700758,Medium
23510,0.5532079354009342,High
26486,0.05431017462173528,Low
8794,0.06282334655583426,Low
28358,0.10965424416103872,Low
21808,0.1675330851098875,Low
27259,0.11128246556919422,Low
18096,0.19535895519878407,Low
1314,0.17369505892037176,Low
4531,0.03679713397513457,Low
8205,0.15208663385371174,Low
7512,0.04669939688097288,Low
26397,0.038171482185967116,Low
4816,0.26733512108301377,Medium
7034,0.2309686783973602,Medium
24066,0.10985953944757798,Low
13088,0.09923610370026001,Low
11875,0.5537265557485657,High
18231,0.19196598808822826,Low
23436,0.10954086757031964,Low
10329,0.23981814158716833,Medium
9386,0.5256398772355689,High
7007,0.27615676661665667,Medium
7518,0.05217060738339211,Low
8000,0.14949193122343618,Low
21605,0.16608954306044002,Low
11891,0.048170166454176086,Low
578,0.11222637888719601,Low
4306,0.1264536232793056,Low
17315,0.39675669069933955,High
3367,0.11086904573867506,Low
1049,0.058101217977104665,Low
18867,0.17068145948065785,Low
8540,0.10778382069560154,Low
17491,0.2270909892453387,Medium
8351,0.23841023892602542,Medium
6068,0.16122428723116192,Low
9465,0.23492010387227885,Medium
21375,0.1817565943030454,Low
5262,0.21852784533271669,Low
20923,0.05366322016187939,Low
7439,0.1637999907690426,Low
29816,0.1233840041812669,Low
15268,0.45305439301008643,High
19848,0.36775663223464755,High
1050,0.28304195886542477,Medium
17396,0.6024260033955648,High
18165,0.15306246037653978,Low
24642,0.23222059131272557,Medium
10274,0.12304647246444882,Low
8558,0.07427418418066296,Low
27774,0.5248893398675858,High
3721,0.29137774683819906,Medium
27300,0.03332677764110957,Low
3406,0.1374132849595152,Low
18243,0.2593620342846148,Medium
8627,0.2442309425259632,Medium
18914,0.463178138567016,High
16249,0.20000761052712643,Low
6908,0.10674318875020976,Low
17565,0.05248706971589245,Low
5863,0.186389183810793,Low
21960,0.16031730740524952,Low
16382,0.20232730497028306,Low
9763,0.10177536086932097,Low
13412,0.08164158313211425,Low
24566,0.29243230025694184,Medium
23315,0.1724918213948492,Low
12204,0.21530163205253333,Low
3129,0.28445074476324533,Medium
19916,0.042863822547848485,Low
5415,0.1556866062714497,Low
6868,0.2076974525311107,Low
27705,0.4472666620464924,High
18622,0.23649600199120685,Medium
7925,0.12283231502674045,Low
26206,0.12600351079380326,Low
23031,0.5912646599305637,High
17086,0.2674935997174114,Medium
1298,0.05513091788044951,Low
22633,0.29864538672274565,Medium
1174,0.1120472165686742,Low
14509,0.1820207213497015,Low
1982,0.700821855781859,High
24941,0.26920377628238257,Medium
16456,0.5695433318736821,High
9036,0.10967766176573625,Low
14447,0.5293231433401231,High
9590,0.26724503828268165,Medium
8837,0.008682573459221668,Low
28825,0.042339534746765224,Low
1933,0.04928557680569763,Low
16196,0.03146280921946836,Low
3320,0.10242958156249417,Low
17650,0.5666779238886309,High
9116,0.1662279064794358,Low
13622,0.20998273993593156,Low
19094,0.2234330325561438,Medium
14990,0.10701504269948131,Low
2229,0.19766315437620433,Low
5362,0.19992204576629788,Low
9716,0.3510037844339668,High
2681,0.20112137064441157,Low
26491,0.4289380499753439,High
1488,0.24170343355143903,Medium
10324,0.429365150952302,High
22939,0.21731486075847747,Low
27761,0.17820145678274407,Low
2449,0.23172396800112927,Medium
12644,0.0650173797736706,Low
4493,0.6043207450019942,High
22175,0.22860529637355648,Medium
29859,0.28004420044361583,Medium
11876,0.18387267563025417,Low
24188,0.06823360625133339,Low
7230,0.2295249309034303,Medium
20228,0.2163308074968691,Low
24070,0.20604521804649625,Low
2271,0.12249832699711981,Low
11749,0.4977094173930087,High
25428,0.1745607187939441,Low
17452,0.16651869174207667,Low
29919,0.17572671222947167,Low
2,0.15189621260174013,Low
17862,0.23700549420537417,Medium
27339,0.08260580479388899,Low
3712,0.14124835366486446,Low
21575,0.18997000514074575,Low
6277,0.25361023798485377,Medium
26591,0.1988711433507197,Low
1592,0.38827539692655433,High
19833,0.193931923452723,Low
26271,0.054075335548088604,Low
14912,0.15819617632449165,Low
26191,0.13861124462865365,Low
22448,0.23086890229337845,Medium
19400,0.07506361154151667,Low
15640,0.3035235078700717,High
9670,0.05583032693694869,Low
5646,0.1417081438144782,Low
2031,0.09631167292216553,Low
24419,0.3048461561189175,High
13648,0.1476695059892909,Low
18888,0.035194354134953615,Low
9427,0.17311651624185934,Low
11679,0.1924823160865872,Low
9553,0.24991897213099978,Medium
11241,0.5733139548705882,High
509,0.24399437518898096,Medium
13980,0.22242988845030984,Medium
28610,0.22962671435583434,Medium
18363,0.0749310448981189,Low
24309,0.05643224560352183,Low
27734,0.38338758535263984,High
15989,0.21633759242878398,Low
25086,0.26198927333106814,Medium
29973,0.21856596485052426,Low
656,0.0538363531414447,Low
20846,0.1204319702410991,Low
25257,0.21600809761423154,Low
25880,0.13015751531427533,Low
16504,0.23650162190912855,Medium
14683,0.30380633970714555,High
7938,0.10992460259844163,Low
18366,0.10744596681549325,Low
5861,0.09369024820054382,Low
14101,0.2569806452906977,Medium
16005,0.22385665513460332,Medium
28638,0.4006502778777359,High
3504,0.11556674546970289,Low
13967,0.8049858294148319,High
17385,0.4225052550050247,High
5567,0.18534851687464932,Low
23270,0.17763697596792927,Low
13539,0.20319679582662,Low
11935,0.06186294514495186,Low
7175,0.6658823289388243,High
22820,0.16458526332521078,Low
28207,0.046153770059500415,Low
1102,0.258955896033624,Medium
29455,0.2050076157605155,Low
29124,0.2523994605735976,Medium
7785,0.13708496884865717,Low
24415,0.10680551306148614,Low
10658,0.056877510924622544,Low
21681,0.2041908025487861,Low
21388,0.46835041795461474,High
24008,0.18465689742103164,Low
24447,0.052269921041483744,Low
16144,0.15877543995810198,Low
6065,0.19007975278028746,Low
4902,0.29252704655411155,Medium
28427,0.4562726796798505,High
2538,0.06379451708945819,Low
22419,0.15508426913593318,Low
2256,0.5025994929278235,High
13434,0.25687156875080724,Medium
3838,0.24194080336654886,Medium
23472,0.4184824895666936,High
12840,0.18236658154821733,Low
24796,0.1055986957818739,Low
12493,0.2540282577684386,Medium
27718,0.1910615699586364,Low
21718,0.30598893592300735,High
5414,0.036922162660687464,Low
7437,0.5717350285660271,High
17252,0.4252686502044981,High
22980,0.11119858354552219,Low
10772,0.5664760537597974,High
3488,0.1211416491527847,Low
28885,0.048095849246703376,Low
19163,0.14303849419147951,Low
12198,0.31101979444814626,High
29409,0.42557594594915193,High
2241,0.02559801440207148,Low
7011,0.11404689377624136,Low
23502,0.3734899366690227,High
7922,0.272811782909115,Medium
8726,0.0959982427265335,Low
26094,0.07931620188960928,Low
11284,0.43409171076674846,High
22446,0.07248420987098517,Low
23448,0.045619318721115146,Low
14815,0.10184383499150036,Low
19905,0.047547911860051605,Low
23000,0.17589936521503907,Low
20607,0.05536263254686047,Low
22253,0.024693671846738104,Low
24047,0.20358941078948348,Low
13875,0.19981994583106807,Low
5054,0.16525994537101313,Low
17078,0.2050755193864555,Low
24535,0.06369592305934597,Low
684,0.1346632355067037,Low
18839,0.14281615481397664,Low
19308,0.12058734925062,Low
19373,0.09263242777586388,Low
2363,0.9923505280285714,High
911,0.5415564282045762,High
2990,0.1924602728461859,Low
11330,0.16884478010874876,Low
23789,0.38203833460208003,High
1567,0.21245986780937187,Low
10902,0.12061207017350764,Low
15550,0.19538336096178588,Low
22691,0.5282670391841826,High
20016,0.10990421894353113,Low
3161,0.13156619732204444,Low
8101,0.18521737995396736,Low
29737,0.049519445310605315,Low
26881,0.708961048060989,High
18700,0.1371785803799037,Low
22883,0.16078723055310248,Low
23144,0.19289141365112525,Low
24301,0.16573430364953318,Low
6820,0.2894498377543603,Medium
21969,0.059253898939350215,Low
3251,0.14490851357893794,Low
14374,0.11685749813181154,Low
9502,0.1415495012502642,Low
22041,0.1213890856836236,Low
4066,0.4773944860067627,High
18712,0.2165609390291194,Low
8086,0.09276712230371109,Low
12568,0.0067268252661122985,Low
23709,0.11476691345204391,Low
7147,0.02537091307702477,Low
27533,0.25920739302627605,Medium
14347,0.0702892952054437,Low
29912,0.13228655804818082,Low
17112,0.4039870875376435,High
1148,0.29437842611503223,Medium
10623,0.13981250643977083,Low
9840,0.2657467409055694,Medium
2182,0.1607241733609508,Low
18629,0.45070849443989086,High
16807,0.4591794768627009,High
25994,0.049659831046768896,Low
29676,0.04718459216568101,Low
19243,0.11005074185311312,Low
20928,0.31232668946867154,High
991,0.20367245738713957,Low
9182,0.14492986519043577,Low
14863,0.20680461803089498,Low
29619,0.06259480585233418,Low
26813,0.15826266163236566,Low
6903,0.049797378922464317,Low
27663,0.1471471759352219,Low
28902,0.18266484900065313,Low
19366,0.11053347580348767,Low
16821,0.12368430679021715,Low
29204,0.2227099812923112,Medium
5840,0.05612758989349939,Low
1919,0.18348573152277767,Low
3274,0.22390883970467274,Medium
6284,0.17860438937680043,Low
12930,0.20519793394877378,Low
22105,0.17423088995492975,Low
676,0.5622767095533441,High
9936,0.27144860430568235,Medium
21576,0.2210125543899463,Medium
28593,0.23850181222781056,Medium
23550,0.23928236115513823,Medium
28835,0.1063753394230123,Low
24460,0.24734314101894883,Medium
3299,0.12761181580483472,Low
25777,0.19351678123837016,Low
24208,0.08030016048776789,Low
6993,0.03677133841853791,Low
26037,0.11065592545038264,Low
17012,0.28643346126792385,Medium
25375,0.1862757052474664,Low
3019,0.6200358499179005,High
11464,0.281068551200481,Medium
3660,0.15579727449937944,Low
7666,0.04926052919305942,Low
13829,0.12034345906385276,Low
10286,0.08060506483874803,Low
11402,0.14148609494928382,Low
7180,0.07271673963546077,Low
9210,0.0831167420829168,Low
13034,0.08392285214097234,Low
16980,0.40918661640639126,High
4244,0.2067740229432741,Low
14697,0.18210256970230074,Low
29372,0.17373764123965824,Low
4367,0.8367109005555536,High
2403,0.4054087140429059,High
22662,0.0567754347215918,Low
16657,0.2542171827610137,Medium
18428,0.2318336976354111,Medium
2539,0.1883346915875441,Low
21494,0.077621797109473,Low
4030,0.13666928810932785,Low
24847,0.27531182052927194,Medium
20465,0.5192184473885508,High
93,0.053059334447368496,Low
8045,0.08960113012117703,Low
8317,0.07123446367488623,Low
26456,0.1806986885002642,Low
8818,0.11756567976429719,Low
24142,0.16194631290035247,Low
5926,0.11560951546121949,Low
5446,0.279437142139135,Medium
20889,0.10793503616300598,Low
7679,0.18945870763246425,Low
9426,0.25693620536903994,Medium
10245,0.26177553980949686,Medium
16847,0.24559377749827865,Medium
6356,0.2970246302987026,Medium
28376,0.18318492041672152,Low
16093,0.6302494747944783,High
1579,0.32550766831054884,High
22739,0.12658635913576663,Low
2151,0.21005960897222564,Low
6735,0.052292250013801965,Low
9277,0.0847001059693618,Low
23206,0.389769474774311,High
3912,0.2560538873747716,Medium
15737,0.20178029926717161,Low
23109,0.26464226369391447,Medium
156,0.26513859948999036,Medium
25516,0.10745248339691296,Low
25248,0.31478038327976654,High
27624,0.515771183186622,High
13824,0.2484200478718342,Medium
1632,0.09318566212727952,Low
12657,0.03512453908396529,Low
19091,0.19523713439034168,Low
13402,0.014372186164273866,Low
3344,0.16944328736467296,Low
25341,0.050850333710417334,Low
6494,0.4974752589743679,High
14055,0.2711928876329695,Medium
7974,0.16926277940655554,Low
5325,0.21056793841049073,Low
29652,0.9218097495416315,High
4303,0.12218323081499888,Low
1001,0.1620790078015945,Low
28634,0.5330922118922643,High
5930,0.25806919079570806,Medium
1952,0.28129248602577595,Medium
1472,0.24490388608182376,Medium
22684,0.2160374975397215,Low
3043,0.05722388054368468,Low
22099,0.15708106940579225,Low
7499,0.30264973010347984,High
3198,0.2566918705325251,Medium
9158,0.17317566780989066,Low
21588,0.22856002116916416,Medium
25570,0.6436065720508187,High
3180,0.030180039747161443,Low
3524,0.05594289606508049,Low
22251,0.20919658428837068,Low
22199,0.08101134619990195,Low
19903,0.04471331192802368,Low
5178,0.6499520967914657,High
25176,0.43736225656202365,High
26376,0.30694139046717606,High
21601,0.14672147160797827,Low
8895,0.21937373787544098,Low
3646,0.15764821548018346,Low
21105,0.24902242542086045,Medium
11459,0.23912622832539437,Medium
18460,0.23278259585908365,Medium
28556,0.08701561464947767,Low
784,0.30604598003796435,High
10266,0.21510431738148808,Low
4056,0.18040368469073922,Low
29845,0.19632812518828988,Low
27590,0.3342378986416989,High
21104,0.2664115029550727,Medium
17138,0.16236070522308116,Low
25603,0.15255433738961832,Low
26513,0.17420784723306923,Low
21059,0.06472234857101841,Low
9898,0.2912618044502762,Medium
21274,0.6516055482621841,High
23932,0.27904030399723356,Medium
18600,0.15374108821229768,Low
28749,0.5166515300813638,High
4202,0.10404394658850734,Low
2226,0.312229973038547,High
29383,0.1967320262217132,Low
2252,0.6134147119948201,High
22501,0.11759166613240885,Low
15422,0.38492808544048496,High
1139,0.20416529564302374,Low
18825,0.19662214769713982,Low
10937,0.548477112314208,High
24116,0.11721258742666017,Low
23068,0.12790506871398255,Low
15926,0.053808513484197046,Low
16346,0.07308766486709546,Low
2778,0.09602702872386641,Low
13707,0.1956623480824315,Low
25750,0.18775524854504413,Low
9006,0.1816993206811932,Low
11266,0.28019746624070463,Medium
307,0.07506432586727571,Low
26359,0.49993743582885314,High
1826,0.08665519490007567,Low
251,0.3771233978735638,High
4672,0.2020366527634616,Low
24170,0.20265785799545744,Low
29781,0.16773715371146253,Low
7747,0.28481907112634686,Medium
6166,0.06736991760330638,Low
18140,0.18844346410467505,Low
8618,0.1446677333111535,Low
27487,0.29196389987163507,Medium
10417,0.22396234037900875,Medium
14802,0.3712266471418184,High
16428,0.042650651686266756,Low
15010,0.3851047624753003,High
29512,0.2720736944681708,Medium
16762,0.2581434997056013,Medium
6587,0.0811848647114965,Low
1339,0.19868205451513474,Low
29968,0.23041069892767693,Medium
13591,0.08825301411846434,Low
3084,0.09445586908936128,Low
17598,0.047326627559257664,Low
8720,0.2198632883776441,Low
1828,0.24649273701361327,Medium
19030,0.5587518671358864,High
12635,0.03500039509908999,Low
14660,0.11285479420232666,Low
4171,0.0970506198150917,Low
18913,0.09688016995544692,Low
16922,0.2015529943009375,Low
28789,0.07614348520372692,Low
28722,0.07002712615163417,Low
7258,0.18449663870294614,Low
25529,0.09559838386749607,Low
25491,0.3945619118361708,High
21252,0.10261118408124567,Low
3928,0.12122764698725018,Low
12464,0.1814932209203631,Low
997,0.29746015626843203,Medium
5017,0.07429192018700748,Low
13372,0.12590315799061153,Low
29901,0.18418797542532117,Low
7563,0.19360705948920703,Low
14789,0.5472553174525998,High
15604,0.09221833117314872,Low
5626,0.06100335552690166,Low
28618,0.17888779684732625,Low
11120,0.36725850016019823,High
3875,0.08033284386629584,Low
1126,0.12144803149221335,Low
22039,0.06433389412396645,Low
3585,0.2114550854670181,Low
26460,0.2692736782730859,Medium
6751,0.6431622176561524,High
12616,0.016554886467542388,Low
10879,0.46867431728700537,High
25643,0.13639859829518566,Low
27403,0.2804696499023827,Medium
20993,0.411340454950706,High
4898,0.23085308565544668,Medium
9798,0.12076442330392818,Low
16430,0.18588468350238654,Low
10784,0.18957351081199952,Low
14623,0.20414219500722855,Low
308,0.2573890513355393,Medium
7582,0.17630888928886104,Low
21553,0.10078795479615903,Low
7815,0.24071884532783505,Medium
19648,0.23720629418114458,Medium
727,0.07011362977385867,Low
4013,0.045451782541601385,Low
25108,0.27303067205976644,Medium
27331,0.11139986230712202,Low
1663,0.0803281445482427,Low
26176,0.20100697439080395,Low
23104,0.1968375666064665,Low
24682,0.16929807177307352,Low
7529,0.231873581895417,Medium
2542,0.5564415094212215,High
25277,0.19630518540693692,Low
27926,0.4048329533201423,High
25384,0.498673486472827,High
10269,0.26295522588503323,Medium
17555,0.1761242631778088,Low
16358,0.4108170893962626,High
19663,0.00859994626630408,Low
17892,0.47366266571216464,High
3423,0.17843583907079494,Low
11080,0.18847276328571066,Low
14900,0.20485291293154606,Low
26999,0.12729014566329447,Low
9359,0.10280913496051354,Low
19069,0.24065799964803528,Medium
534,0.5424312734160475,High
15622,0.17038383502213442,Low
7255,0.24877683797523428,Medium
14962,0.2570224087227533,Medium
26893,0.4814779143882199,High
25183,0.45445714337516696,High
1431,0.2489877182832328,Medium
16786,0.45309541211407955,High
22692,0.16812747594793417,Low
16072,0.22885826306194035,Medium
6970,0.21524099731946303,Low
22901,0.6373438734975446,High
11569,0.006739534735403416,Low
29696,0.18735080120784794,Low
22940,0.17493481975478073,Low
26493,0.0669306397174653,Low
13133,0.054027486195873976,Low
2972,0.2170744734528039,Low
18903,0.14620572936343312,Low
692,0.1562244285350208,Low
8724,0.6201569851220347,High
18697,0.0745325675131136,Low
16247,0.3251788296257034,High
16316,0.1863637573847837,Low
5505,0.07867830213661321,Low
14747,0.15706193066291563,Low
9702,0.11211788061883647,Low
7697,0.11867936603945504,Low
18966,0.03484841711257546,Low
17621,0.0977072610201359,Low
24273,0.04837508323444377,Low
28760,0.2209370835982325,Medium
28073,0.1211322197693558,Low
21398,0.14712044061709276,Low
15967,0.21620668704926663,Low
18704,0.2941317822314389,Medium
4575,0.11547852284779388,Low
3137,0.24775015754455978,Medium
20440,0.3455234383846591,High
29042,0.05251142562794859,Low
893,0.22540723415602018,Medium
15160,0.5216234003474426,High
3405,0.2393395976034999,Medium
645,0.27077150537447797,Medium
15353,0.2705448580275302,Medium
27961,0.0977899139871983,Low
2195,0.1172328289968659,Low
15660,0.05921992820025653,Low
17379,0.20622211805430993,Low
7430,0.11772041025341715,Low
18167,0.23871713015181376,Medium
6424,0.17515225432289996,Low
12775,0.5941368620242172,High
15401,0.5572791635369647,High
19363,0.18934381353219046,Low
16368,0.09282438564633369,Low
25664,0.20357666318463263,Low
22748,0.11123806514947884,Low
4350,0.5847229709121057,High
18211,0.06275512599213096,Low
174,0.2598335308549602,Medium
12664,0.4691470788906841,High
6990,0.39522060491146543,High
9836,0.22784004658461918,Medium
27706,0.030187539087451597,Low
74,0.2524119543585921,Medium
27089,0.24185136782753516,Medium
17559,0.5040755743405099,High
14920,0.03918932521280414,Low
8179,0.5992351838053999,High
12579,0.02969629573147135,Low
21363,0.9243924981256003,High
21559,0.2442856290940435,Medium
13097,0.31196724682808097,High
11509,0.2124725441368422,Low
2645,0.3251507492340501,High
12105,0.2244043009142992,Medium
2246,0.1170779865593786,Low
19963,0.20029442087047003,Low
1977,0.21240109673886307,Low
4357,0.14657809068682637,Low
5250,0.18498591974483652,Low
21936,0.15592720741792307,Low
28667,0.06309385228235866,Low
28739,0.1115043862368652,Low
18385,0.24479952684253606,Medium
10713,0.3081690074449581,High
17949,0.22669207541642886,Medium
19061,0.21486313559950174,Low
4852,0.4233754083159435,High
24063,0.31951020730702895,High
19287,0.13386982652995524,Low
13750,0.16928400791792653,Low
2336,0.2657499878466896,Medium
7377,0.3261770037341602,High
6509,0.11546594659824928,Low
11059,0.17781848048058732,Low
25693,0.041251678128733885,Low
29444,0.02469373689279948,Low
5915,0.10266625260530385,Low
16851,0.1393508727757145,Low
3913,0.23203706170352828,Medium
25386,0.08648202909031329,Low
25599,0.2409256970411196,Medium
29130,0.2349979053361141,Medium
3304,0.19070398971258481,Low
25602,0.05574502176811972,Low
4154,0.07602235647373966,Low
14998,0.1295311609664896,Low
18540,0.6189323435523872,High
19345,0.6460780705385509,High
3579,0.2539275431261029,Medium
27222,0.4273072353144172,High
14264,0.18961559475148224,Low
18774,0.5604898337753945,High
22324,0.14892268651082977,Low
24790,0.26532826356506667,Medium
11222,0.2522640697188657,Medium
20768,0.1820387943247603,Low
22301,0.0422561353157912,Low
12666,0.25813999751890054,Medium
2576,0.2179178891005528,Low
14486,0.45294506149915753,High
9532,0.12235752106662932,Low
28283,0.1893716175302698,Low
4540,0.20074214573486168,Low
14107,0.11292590608028755,Low
22796,0.15249009909288228,Low
3634,0.2508931453641196,Medium
22514,0.20040397256910383,Low
18973,0.6615904167225759,High
785,0.19867256899956476,Low
28988,0.16307439134840412,Low
4256,0.21226031273119011,Low
2301,0.38694018350031206,High
3729,0.31932523124126166,High
10247,0.21435266704104267,Low
28617,0.2608662929430432,Medium
27297,0.2436173025740695,Medium
20732,0.2588874177954287,Medium
9542,0.10478584467888678,Low
4867,0.5704456724748447,High
19484,0.2063470549270682,Low
20132,0.05031083162857483,Low
14883,0.22803930613251763,Medium
25906,0.2519568790707099,Medium
27911,0.24254578308716776,Medium
18072,0.6004834542919875,High
10441,0.0539740878727657,Low
27584,0.1281307406087787,Low
1738,0.12602576423409767,Low
23708,0.2432014086289166,Medium
2559,0.2282876438066093,Medium
10186,0.21293267863717258,Low
8121,0.17909341943163806,Low
2855,0.5781867026434083,High
29929,0.2747944363787884,Medium
15706,0.215456602844631,Low
10635,0.24417968295399983,Medium
18006,0.6525193284414127,High
17488,0.16625644378306514,Low
9022,0.06300392594389108,Low
29438,0.15022583519908378,Low
9143,0.4773651436761762,High
10762,0.11961850000444685,Low
1278,0.22496963018441446,Medium
4576,0.1102664705945246,Low
29146,0.10012645927856421,Low
28935,0.20562466276675362,Low
6991,0.6009529182352412,High
7851,0.7975087997736016,High
22955,0.1808559680289863,Low
10815,0.11914722552431507,Low
25872,0.20861580254855583,Low
2480,0.1796931063472584,Low
15225,0.19706379224522558,Low
11216,0.15118690615087135,Low
3633,0.24819072422788718,Medium
27916,0.8159604541490859,High
27476,0.24784003542683364,Medium
4536,0.2395612901643445,Medium
6497,0.28077389824374005,Medium
2268,0.20653982023633022,Low
20806,0.27846654944111027,Medium
12984,0.24438937585694162,Medium
17558,0.04317369156567253,Low
22062,0.1985735697315976,Low
21457,0.14775221647460912,Low
20803,0.573295597970489,High
11740,0.6360270606645609,High
5947,0.14739273415472756,Low
18803,0.16558736206698849,Low
541,0.10281726662913437,Low
25788,0.25268527645423144,Medium
2689,0.1043243173009935,Low
24824,0.26001550063555307,Medium
28453,0.22780477929070836,Medium
13356,0.14221076443726424,Low
18257,0.8823241601985914,High
12931,0.3043573021251517,High
22998,0.15916831542637933,Low
280,0.18394618468466398,Low
21430,0.21728085855791213,Low
29887,0.14076620354800282,Low
13803,0.38732824557461776,High
18481,0.017359263396779623,Low
14945,0.10940013051109776,Low
11621,0.15368357978479114,Low
27871,0.05248833365736457,Low
12400,0.1186066917068652,Low
2080,0.5265530701429424,High
27258,0.18768705292618423,Low
25215,0.28114962777252805,Medium
28801,0.542706317094815,High
8021,0.2580886361450345,Medium
19815,0.6788082927651415,High
9490,0.27893951177089565,Medium
26490,0.15442641945934418,Low
16518,0.8456024291905572,High
8866,0.23907255952693227,Medium
2640,0.22346616567763117,Medium
12436,0.15629256957859042,Low
1116,0.060912831161511846,Low
6066,0.5377658074456884,High
8814,0.10108890592635957,Low
8355,0.1818211149740461,Low
10344,0.11092132743716922,Low
13145,0.17336227357115716,Low
6197,0.41499105538455006,High
21677,0.23158902793901248,Medium
21342,0.24387900966223908,Medium
11947,0.26742702195309787,Medium
23809,0.30671447838736426,High
22030,0.07817904735747301,Low
22,0.12966109052554606,Low
3575,0.25035390276748715,Medium
25900,0.24237753982792745,Medium
26398,0.16375943282245659,Low
17149,0.46499301447737834,High
5518,0.14847525682580584,Low
15528,0.1749927091394288,Low
20557,0.052550306121370204,Low
28582,0.5881354010319915,High
6290,0.46068777541347455,High
8560,0.17541925271619715,Low
29572,0.057704991742522097,Low
13294,0.1878778639264716,Low
6129,0.1063506429841504,Low
16977,0.1022394726925212,Low
16255,0.21112301296341426,Low
5261,0.3714099073437847,High
400,0.5162215878464385,High
10343,0.1953220770311249,Low
6978,0.08149284426411084,Low
17824,0.4909489514467499,High
2092,0.41118973312182483,High
9004,0.4083182057108935,High
12129,0.2684851252451273,Medium
28927,0.04182972219243205,Low
24760,0.3287049575815149,High
18680,0.4604497071769568,High
16948,0.12402274266718166,Low
11050,0.5872570525909616,High
7194,0.19341291547486802,Low
28085,0.1446189823516466,Low
11755,0.24689843611103826,Medium
1962,0.051265113208393595,Low
7581,0.04273211935054357,Low
27652,0.26891839202140044,Medium
14663,0.05270724198166411,Low
17051,0.4935081960593524,High
5685,0.22231754539988097,Medium
21230,0.3473433450406895,High
1774,0.547509036266005,High
15729,0.2030427253314578,Low
27923,0.4558890194951421,High
3962,0.12700948056143616,Low
1895,0.608573059190837,High
6671,0.055608135806604383,Low
29287,0.3883305482361006,High
20832,0.06829294787285427,Low
17393,0.04745583561639782,Low
23115,0.24396795111864264,Medium
29152,0.8422116628701137,High
1263,0.26276693044853433,Medium
27178,0.05866728958100557,Low
16842,0.10503295958391878,Low
22842,0.20029752326490416,Low
18919,0.5018911812617479,High
6590,0.12242586841382494,Low
18145,0.10593678341018718,Low
23260,0.12342997017269776,Low
17819,0.22032040888407797,Medium
3652,0.22376928464144824,Medium
1961,0.6873618929832469,High
14622,0.030789280400123128,Low
19152,0.23396786778371803,Medium
27244,0.13333350457632911,Low
15849,0.1910184536227739,Low
26417,0.1592861733816393,Low
11240,0.6359810913009567,High
4074,0.2200365512526979,Medium
22767,0.059354545826576566,Low
25786,0.048877320906488934,Low
24578,0.06677003355029987,Low
19349,0.2846789403893484,Medium
24631,0.21548161266516083,Low
933,0.45408884317543174,High
23146,0.055114337589936266,Low
15400,0.053413604199103654,Low
5084,0.12572324968527995,Low
10376,0.20631273103318828,Low
7605,0.11295180810387831,Low
19977,0.22572260079447126,Medium
1542,0.2505079524675499,Medium
24289,0.11592394117009196,Low
4874,0.1405239394398839,Low
21867,0.11038915557103679,Low
28946,0.05455569676757341,Low
12787,0.05460893242984786,Low
29934,0.19122625962865755,Low
18070,0.2016809747046799,Low
23829,0.06462446010804719,Low
15696,0.10614402414687261,Low
15105,0.09773026296996828,Low
16396,0.17823277398577544,Low
25674,0.10774630451011424,Low
4327,0.15893058285195663,Low
19662,0.12262180605729339,Low
22349,0.040042612389837515,Low
11550,0.24625480095850463,Medium
325,0.13293555323731343,Low
19196,0.12149197034680775,Low
22090,0.2517327860090516,Medium
4878,0.2582440989185052,Medium
449,0.11443126393597997,Low
16834,0.5355597339086121,High
4073,0.09597898986473807,Low
9996,0.24997359954349269,Medium
3693,0.2173794213932307,Low
21771,0.1603804918855731,Low
10856,0.24224241617241793,Medium
26325,0.13723235225233082,Low
25296,0.19408794917770109,Low
20636,0.1397790982501179,Low
2808,0.24544633244389152,Medium
7189,0.15543138293131525,Low
27379,0.0841017079140794,Low
13916,0.04895164703824512,Low
14454,0.3587899195705786,High
23728,0.0925100408948867,Low
9515,0.176030328656499,Low
18137,0.31760306821879,High
24685,0.5196643929669227,High
12604,0.5142012936767061,High
18583,0.37702023964865283,High
2710,0.1792248056731974,Low
29913,0.08922256671502002,Low
22937,0.3529857849390596,High
14968,0.22295958605836658,Medium
23389,0.1549042216879923,Low
12375,0.8192846484477261,High
21012,0.21346047511228367,Low
28566,0.10082324554018589,Low
17475,0.0938192233440339,Low
15626,0.18537190395224593,Low
6640,0.3790370347749777,High
55,0.4443399269426724,High
13717,0.3454167636010363,High
17612,0.18246526926074447,Low
26700,0.2169839441022298,Low
26368,0.12788228652823602,Low
9402,0.23041482961206228,Medium
18587,0.06073504002478737,Low
5876,0.09198634718471478,Low
2004,0.46487579849215294,High
18087,0.05387397371761634,Low
27473,0.12439989414806339,Low
22627,0.22388657563407602,Medium
6069,0.13446400403820072,Low
20581,0.19648626302186817,Low
9003,0.306358179257583,High
23301,0.04275272626933067,Low
5097,0.487184442211147,High
16156,0.05456440907399379,Low
5316,0.16969251950754938,Low
11210,0.08511125335230778,Low
5023,0.07611017389597248,Low
6989,0.4342088663889717,High
500,0.329756746277324,High
21679,0.046244575596329884,Low
5574,0.14117694127927402,Low
2899,0.23681942132554962,Medium
7528,0.28142269757109695,Medium
1375,0.08565905976217812,Low
8341,0.44172279452053625,High
19788,0.05490141893810958,Low
25905,0.2857557447346656,Medium
1972,0.4578960542951542,High
16272,0.17063366587352422,Low
5842,0.031004396410425593,Low
12025,0.4427060918710378,High
8142,0.10049553307066252,Low
17980,0.21255397805587448,Low
12823,0.4228054732659225,High
20761,0.09121236483562031,Low
21901,0.4763247725440281,High
4434,0.034565120429255414,Low
28645,0.5307970933556287,High
4636,0.2987731388959256,Medium
26960,0.18986273425413575,Low
23663,0.6122717807503945,High
8439,0.09888537550392461,Low
16274,0.24928831734861448,Medium
22043,0.2468548897797131,Medium
19334,0.24788563829410307,Medium
13853,0.09693869709167459,Low
16892,0.2902720662426754,Medium
5741,0.11336483452719166,Low
11046,0.21007187710263725,Low
21303,0.2723214307745867,Medium
25283,0.18044558450257805,Low
2371,0.14360006303103123,Low
24999,0.2563256389423525,Medium
3673,0.09397742585966345,Low
2605,0.1362968338077376,Low
12990,0.08971028985800149,Low
11445,0.186941699116704,Low
15266,0.11095167036444331,Low
4763,0.5047243048002442,High
6712,0.19606921902323493,Low
25913,0.5611340625168143,High
1276,0.13739662706236275,Low
9014,0.24017016989988316,Medium
5932,0.20154164670559818,Low
10282,0.3537025142028581,High
7115,0.2570484638278905,Medium
15450,0.12358708973171705,Low
16855,0.25434152548620265,Medium
6901,0.08880202260081281,Low
5438,0.09568745117592622,Low
14708,0.48347561315482673,High
24137,0.18183474562433158,Low
14648,0.23856236343819018,Medium
15890,0.2031316302509023,Low
20518,0.19646390411199147,Low
23830,0.14642582567515816,Low
2009,0.23168136559843455,Medium
6431,0.12013153873590394,Low
23410,0.07370028420284212,Low
1990,0.23002685605421402,Medium
18758,0.3639612033456161,High
25751,0.2943977365028456,Medium
29304,0.30133028907209275,High
6472,0.014123008856148889,Low
3833,0.1587350514662634,Low
23340,0.47518041782826004,High
26980,0.10130932818891314,Low
8056,0.04558666430669738,Low
18548,0.08510752841167622,Low
3531,0.11902613748288436,Low
27702,0.5928872875832946,High
16460,0.4306167404154171,High
15304,0.18479709891218288,Low
3993,0.7449391869853703,High
27423,0.035576505628552045,Low
18511,0.2294310901923189,Medium
27359,0.2347675967952363,Medium
27567,0.5313665193745561,High
28195,0.24166218361601222,Medium
12997,0.45507362067707857,High
3783,0.1468823632543025,Low
24665,0.43765014142859404,High
24864,0.1454905581517439,Low
13667,0.21427693450067645,Low
15762,0.1804334190767596,Low
21406,0.24838095330382653,Medium
3060,0.2034704160592087,Low
28740,0.04924392575551954,Low
24122,0.2120354325192196,Low
1213,0.11215433465621058,Low
17134,0.6891938007504509,High
10722,0.23800699825048,Medium
4021,0.20881934479125486,Low
14141,0.30736762639437665,High
7184,0.18412880950681706,Low
16534,0.08221742153977953,Low
19407,0.19344927143481905,Low
4772,0.16508782649714013,Low
22263,0.09030728430161282,Low
1092,0.1444191544100442,Low
15201,0.42956657168311424,High
18579,0.08430447092330866,Low
25235,0.15139305250527813,Low
22889,0.09694419873429937,Low
16431,0.07602804717381019,Low
11907,0.20371582868162622,Low
9013,0.5160817164626501,High
471,0.0742319714702618,Low
9113,0.16180206299813743,Low
3818,0.2631112161058371,Medium
28533,0.5247463162257919,High
6329,0.15903742646638788,Low
10323,0.3960330818832934,High
20932,0.0441326568935528,Low
28630,0.0352394430899989,Low
14682,0.13810107527081436,Low
13681,0.6067245221549041,High
22102,0.1892455397884982,Low
6183,0.5476328598563326,High
6934,0.26065107304957513,Medium
29301,0.5184086506307928,High
20835,0.12463342332767591,Low
12213,0.12725405516130123,Low
6737,0.27384996118239996,Medium
7283,0.1291031654501648,Low
4086,0.21317133927634843,Low
9597,0.16518678040104856,Low
7543,0.26333872722221263,Medium
2625,0.22325919259551166,Medium
14538,0.22959413777852444,Medium
24552,0.1668747718287723,Low
21188,0.1094017079158138,Low
27528,0.2541209536937804,Medium
2418,0.4768407405371851,High
8729,0.059509057243323185,Low
21037,0.2320337154867022,Medium
5852,0.20475725391100927,Low
24430,0.22443735329706038,Medium
28903,0.2444022352718717,Medium
338,0.049174072690259946,Low
8691,0.08953358047423582,Low
9230,0.1612177897108157,Low
3755,0.054221750136228326,Low
29665,0.0981584539405811,Low
3561,0.6703540994936412,High
19102,0.5496306530594123,High
21529,0.23482327005579895,Medium
6665,0.08305383659705401,Low
27783,0.2272913044138814,Medium
24385,0.045931976770049954,Low
10161,0.079498838108324,Low
24726,0.06583342863600253,Low
20676,0.7247460942140465,High
22779,0.1605882295049117,Low
23038,0.13535659581415926,Low
28817,0.049282817293235345,Low
3357,0.22021455280981997,Medium
25857,0.15566066250255178,Low
9609,0.22370049021843816,Medium
10724,0.11743425932667738,Low
2380,0.15254785165502868,Low
29569,0.3081916335175432,High
5761,0.2481817070442101,Medium
4963,0.1157625048321694,Low
13443,0.07854480799075447,Low
10733,0.058215556501494556,Low
14308,0.09480004926376237,Low
27144,0.1262784150681782,Low
11115,0.058997613825868274,Low
23432,0.045930592320219114,Low
11604,0.20893825070585947,Low
10746,0.21754331340344238,Low
18946,0.11123821059946938,Low
11403,0.07538429421876132,Low
9231,0.2593829664131075,Medium
842,0.1849462436523735,Low
11631,0.07359661289798848,Low
7270,0.17748313756897663,Low
613,0.26225264086766964,Medium
24398,0.7985844906485875,High
26378,0.15905473760046793,Low
18786,0.20962051820877223,Low
26971,0.2950856071761086,Medium
5824,0.13482265148368,Low
2201,0.40546064057296616,High
28204,0.19025054280367185,Low
10468,0.5428004343507843,High
27855,0.1977327284260692,Low
7837,0.13506360802023892,Low
5012,0.05716812546180826,Low
27463,0.09757424714148707,Low
15751,0.21149498246973983,Low
23697,0.28547767290270853,Medium
2622,0.24571884550433581,Medium
10065,0.20180440942353134,Low
21676,0.2205250850739967,Medium
8633,0.5482204148274301,High
25711,0.04688305934409832,Low
13901,0.23112984504862827,Medium
20235,0.16023449962536235,Low
5666,0.10642204022542993,Low
29177,0.6845259456204752,High
13620,0.3201835539529279,High
19651,0.21229251111321193,Low
11800,0.06174251807282049,Low
22542,0.22008410708010526,Medium
19546,0.5076620881327121,High
28907,0.34656566337156974,High
25866,0.19441195893634025,Low
7334,0.11485986816353465,Low
24024,0.14168960854502488,Low
8221,0.08076273813043842,Low
3313,0.19611189015139294,Low
23070,0.20507458460701022,Low
27917,0.1411360537140382,Low
25207,0.09915285039767682,Low
4420,0.07858377797186321,Low
15569,0.16735816988745372,Low
4424,0.2751175056416714,Medium
21244,0.08017709357635774,Low
24984,0.2772657503748385,Medium
18668,0.146476237524128,Low
15700,0.5713444900643033,High
4325,0.2688272724208462,Medium
22777,0.10373751374276682,Low
23197,0.17905157538066788,Low
1845,0.06151709858553347,Low
2909,0.1805078046645159,Low
27093,0.15086704454107705,Low
22911,0.050449578213959415,Low
15200,0.18811909125302068,Low
18379,0.18589417837453975,Low
17380,0.26772409669197667,Medium
27883,0.18626740759837285,Low
11317,0.1682005964603312,Low
16768,0.3491423547973312,High
19002,0.33199405344834904,High
8639,0.2434298102644849,Medium
26433,0.04331243189730504,Low
11157,0.05374269346082825,Low
10283,0.19063452316597748,Low
5622,0.26796327932162545,Medium
26879,0.12089422636319828,Low
22089,0.1041985597134429,Low
1487,0.1630557369468061,Low
16994,0.20643818987267742,Low
17038,0.19430370468525038,Low
3107,0.05278812034957531,Low
76,0.2621413892688196,Medium
5321,0.08376933427598195,Low
19931,0.24631548646863452,Medium
22963,0.12045454274391733,Low
18574,0.04575938455705581,Low
7202,0.19972663455468467,Low
25638,0.16654854758001378,Low
18195,0.07863309593344397,Low
1504,0.2393975921301651,Medium
5778,0.14862254421343413,Low
2443,0.24468972302160213,Medium
8498,0.20991218068891299,Low
29391,0.05310409884570886,Low
278,0.1217691819974929,Low
19123,0.1539692831494639,Low
1377,0.2606963005049867,Medium
26488,0.11481477684142546,Low
29117,0.22718907399555785,Medium
28299,0.21081733772482558,Low
15768,0.2252589510744046,Medium
388,0.19384214954457482,Low
25432,0.018534947140241217,Low
22506,0.057870852449741016,Low
5957,0.06333704412537093,Low
11739,0.47688615562504527,High
2732,0.05191756349139475,Low
15455,0.5663571844348263,High
9917,0.05658835388400459,Low
18292,0.15720954977434887,Low
15090,0.181468352888749,Low
17398,0.053501198242524056,Low
25993,0.06126748601789529,Low
1057,0.3059172672525104,High
22716,0.09789994360254434,Low
1841,0.22347233647562478,Medium
19962,0.25514066149607295,Medium
3843,0.23289420540850472,Medium
673,0.42955305210019734,High
23326,0.14131991854637938,Low
16109,0.22152982337209434,Medium
20142,0.06481931635912053,Low
29082,0.371912757122356,High
16973,0.06592601421148715,Low
16722,0.22335265629804207,Medium
10373,0.1003607354930269,Low
2485,0.36500999416489704,High
15463,0.11866870806872183,Low
16598,0.10989377515049692,Low
3969,0.31290653038727895,High
26489,0.19490336955002815,Low
17057,0.24287217365372016,Medium
8873,0.13522600305710425,Low
28055,0.8331953948226293,High
15822,0.054133698219575595,Low
22791,0.061878158438012816,Low
5961,0.09636739919108318,Low
5517,0.3848693423381894,High
28079,0.24496020656388307,Medium
22683,0.056131299388804984,Low
13975,0.06147971036589279,Low
1350,0.39628433763148607,High
12330,0.15201297753369353,Low
18377,0.19240156400628353,Low
15106,0.06027910203651963,Low
8259,0.17663808522031474,Low
22369,0.1794292414697073,Low
23613,0.11360344524514818,Low
10985,0.11079005512630702,Low
14721,0.12614589613235763,Low
27865,0.08700952541507531,Low
11962,0.031212217411947466,Low
17692,0.07490346418468447,Low
28231,0.04621995457722566,Low
3121,0.2214327009911717,Medium
6723,0.03645104770532277,Low
15874,0.21532077162829527,Low
22756,0.20208224648512763,Low
24276,0.2066309434587658,Low
11101,0.1770155193144045,Low
6752,0.29643248310149556,Medium
23095,0.17268789862139683,Low
27172,0.22168934507196358,Medium
18995,0.1936816575309369,Low
1167,0.20108826144245256,Low
25211,0.21410731720506843,Low
14834,0.4731558592822268,High
7033,0.2102696758785185,Low
17837,0.5437033649470965,High
15521,0.13097859453389135,Low
26722,0.14289598374991697,Low
3952,0.2506729097515775,Medium
9191,0.7283302019510984,High
18207,0.2583017396585977,Medium
28279,0.09029647610681536,Low
17276,0.0818221551725634,Low
17104,0.27011938426906995,Medium
9347,0.21899959621573897,Low
12297,0.21832739403646834,Low
6574,0.2053370168130519,Low
16898,0.13284952635378702,Low
23485,0.05911145475342238,Low
4463,0.23004734272663016,Medium
13996,0.08821468071426938,Low
2611,0.1618442427570239,Low
10365,0.41068989543034207,High
8890,0.04352604478709109,Low
8725,0.10417168861681077,Low
26369,0.20295207466257814,Low
8129,0.230194247899007,Medium
12195,0.11661598815290855,Low
29207,0.22739307092148947,Medium
2891,0.11109851905347239,Low
9508,0.1653634130196871,Low
6442,0.18961178250543861,Low
11950,0.045298880337800405,Low
4973,0.19376988605562614,Low
23160,0.15100946786922617,Low
6353,0.6832324941626076,High
23852,0.16356121585116912,Low
6964,0.31365665342708254,High
10862,0.6425146619065439,High
11946,0.10531250805492479,Low
20144,0.03255658248491759,Low
29863,0.27182917148519675,Medium
12276,0.18564948117369653,Low
13117,0.014459980954310472,Low
18632,0.10429810544328261,Low
28113,0.010579429963674275,Low
25902,0.14617704415807076,Low
10825,0.1239931757961727,Low
11500,0.07905566000530592,Low
18898,0.15306124772358354,Low
29336,0.16103479370988122,Low
17584,0.10649005971327807,Low
20327,0.1135156868748938,Low
28220,0.21989798327585025,Low
11807,0.1770472119745284,Low
10366,0.23887566504108632,Medium
21053,0.6389672785882978,High
25620,0.2788676976768442,Medium
14169,0.22833223094867927,Medium
26676,0.209221220428875,Low
20637,0.18013401821162556,Low
363,0.819682927849351,High
18115,0.10281909923583471,Low
6134,0.04273667036746383,Low
21228,0.07390748250076956,Low
15703,0.14778991111742898,Low
9408,0.053325745649429754,Low
16464,0.5803258765238792,High
8026,0.22989529411274057,Medium
11142,0.12460507225057166,Low
490,0.10691631663686157,Low
13603,0.22782759691945006,Medium
24662,0.28798671829318523,Medium
7585,0.37151935005044207,High
23721,0.05475332384586481,Low
16251,0.267370037411086,Medium
25600,0.11787901588647909,Low
7946,0.2877009861737916,Medium
27143,0.11901858663882074,Low
28208,0.055144082182344005,Low
4591,0.3481732209321872,High
1275,0.212777320329867,Low
21826,0.1292825743621164,Low
24727,0.05476203179103932,Low
27454,0.5360380789848628,High
25738,0.12710394088934163,Low
19772,0.023054182762299813,Low
13997,0.16565576165593582,Low
1293,0.2877877653492091,Medium
8497,0.14229834335793226,Low
29995,0.5706318665655953,High
3577,0.058846447005458574,Low
14865,0.28947219090084697,Medium
3664,0.6307175067354681,High
7292,0.5907800646636081,High
18900,0.4270173036201862,High
24265,0.05732909279274123,Low
25844,0.07358026158434602,Low
19832,0.37500252101756426,High
15977,0.42966778654186827,High
20448,0.2634150347515991,Medium
21958,0.052011949425744816,Low
19278,0.1346649264630896,Low
13794,0.20892638540347758,Low
27620,0.2137329382548561,Low
19852,0.19155670204666048,Low
13415,0.30628334934714596,High
1173,0.08680236788408635,Low
20336,0.7178852291644127,High
20958,0.20163346952846853,Low
26216,0.141294207368423,Low
6921,0.048586484432398686,Low
6422,0.13745758107278147,Low
20178,0.23028911422803977,Medium
21562,0.501908964281666,High
28225,0.05234217525825426,Low
3791,0.13824104202758583,Low
24198,0.5794749553947752,High
11713,0.3846242243729337,High
28275,0.17743403684389347,Low
26626,0.1746265113076226,Low
16903,0.24386133027188572,Medium
8319,0.22261102119564974,Medium
21443,0.20210438143462334,Low
9837,0.052018748248097844,Low
7734,0.13998616636572028,Low
2656,0.5121797634799712,High
16192,0.5328381668036467,High
17274,0.2765172508399016,Medium
23319,0.09269020495924478,Low
18331,0.14580836074227915,Low
22227,0.05139914823734903,Low
110,0.2544732848318844,Medium
4338,0.1987172470863347,Low
10495,0.11172887804881468,Low
23847,0.1969093692030224,Low
26604,0.24323943823835356,Medium
5361,0.2582136062816988,Medium
14927,0.05630138250227317,Low
25245,0.11538878346365636,Low
11899,0.08919639101610831,Low
23425,0.047152238869566154,Low
7405,0.27712347630036915,Medium
18998,0.1426568715222054,Low
28548,0.09150914414346527,Low
24890,0.23562340259521933,Medium
5922,0.12426022767365863,Low
27726,0.04849361983045452,Low
20794,0.1468793180015841,Low
10927,0.20932209199488236,Low
27282,0.28336191634227925,Medium
27994,0.2621722035798343,Medium
11068,0.12874051538444847,Low
15802,0.1534916579939053,Low
28004,4.054711610850921e-10,Low
12272,0.06935159226564777,Low
3436,0.2497186680521969,Medium
28961,0.16087093077577438,Low
15619,0.17812155910217134,Low
28544,0.1989396997448136,Low
14673,0.15586112792825715,Low
1072,0.09459294851001206,Low
2897,0.2225948441540688,Medium
24437,0.056634112252389804,Low
29581,0.23655742610637698,Medium
10835,0.19733347116867744,Low
1552,0.21231413105911176,Low
11513,0.09844313582273947,Low
12720,0.06711579220749295,Low
15895,0.11576411160625652,Low
9118,0.1746451045125449,Low
17392,0.21530475063404633,Low
20855,0.5841423739853282,High
16789,0.8225642397035146,High
1243,0.06148099561184595,Low
19305,0.22361271589848436,Medium
368,0.2110053895484815,Low
1193,0.08892750849748972,Low
14759,0.04743088595348138,Low
2759,0.05025252039219912,Low
15184,0.20317383603534855,Low
20757,0.6771449801027077,High
18291,0.23973251581382135,Medium
17843,0.6142082873663116,High
7675,0.11066091739650545,Low
8022,0.5802890025404195,High
12598,0.14639876606386137,Low
15712,0.07053576600685353,Low
9612,0.09195511568043159,Low
27628,0.4915971614612852,High
12014,0.10508589072206892,Low
5285,0.7210261985679931,High
12046,0.2104892383815453,Low
3605,0.1368261663082896,Low
11244,0.8668030703618865,High
19463,0.2578588578705713,Medium
14769,0.011890153912696917,Low
21579,0.1166629412338365,Low
15038,0.2806345385872436,Medium
17370,0.2081362366579607,Low
15688,0.23017512998350825,Medium
21927,0.04939379261967224,Low
26463,0.05585877547673686,Low
28227,0.0489289012986607,Low
23039,0.03328100437586013,Low
15469,0.06346359480002013,Low
11708,0.25097988000449595,Medium
15753,0.6889172160850839,High
18930,0.05493782420133429,Low
13738,0.11116390722484364,Low
16607,0.2575332058088678,Medium
25623,0.16607021043818843,Low
13834,0.21689198084278802,Low
14031,0.25483325089468595,Medium
25576,0.03047645290396808,Low
18545,0.14541007658769817,Low
6119,0.10184594446285669,Low
25003,0.24095233553976134,Medium
10747,0.24118112736372296,Medium
6792,0.28395838278838753,Medium
733,0.3771467866327398,High
24894,0.2712469778535494,Medium
22945,0.21658885563246663,Low
21232,0.14373533270461908,Low
2204,0.22743516569422584,Medium
2832,0.13028611170632923,Low
27174,0.13190489357563942,Low
7490,0.17502051916703626,Low
12485,0.2506567359349111,Medium
29547,0.24266797399254783,Medium
6452,0.2105964537353026,Low
19835,0.4926069644371421,High
3592,0.05071561275177422,Low
15157,0.2018924282683014,Low
13261,0.22119052647136778,Medium
7358,0.23251473009570375,Medium
18422,0.2813020721761937,Medium
22852,0.38455884310696536,High
24097,0.12470308497332053,Low
27013,0.1913478399739276,Low
20668,0.23196142509776796,Medium
4230,0.2894199605299776,Medium
6496,0.1101179338279727,Low
3688,0.21073544773372355,Low
4919,0.11167027355124835,Low
20915,0.25761165642809664,Medium
16246,0.20748970828784793,Low
6657,0.23493054228875074,Medium
13754,0.26696050875783117,Medium
18613,0.15054084279134886,Low
4880,0.11308908976201437,Low
27835,0.15746317294149972,Low
8401,0.4529628665461342,High
23336,0.16195870530710196,Low
29806,0.25878692692825317,Medium
11329,0.2104297382870563,Low
26953,0.11474842036681548,Low
3771,0.1935229274992037,Low
29471,0.2769520109683221,Medium
10659,0.10502602588958519,Low
20217,0.15771786840910224,Low
19495,0.10543707859548053,Low
4667,0.2494274335343262,Medium
23759,0.019342499368678257,Low
14305,0.2042489153672399,Low
8030,0.07704797196966406,Low
16832,0.14430129802372782,Low
6695,0.23278208522824254,Medium
21619,0.10814223411433627,Low
444,0.16919587448141277,Low
5021,0.15280270195090742,Low
21083,0.27471879098887464,Medium
6034,0.023105507808335358,Low
14882,0.3948682697479263,High
20640,0.25575187450209375,Medium
7948,0.055195819190719725,Low
19689,0.17400174780735383,Low
21246,0.20264012050152042,Low
26119,0.2053434451612239,Low
4124,0.05197266055356188,Low
15542,0.05327267376889106,Low
2707,0.6302113472343922,High
17436,0.1063530533080886,Low
1912,0.10230148401290132,Low
19251,0.033951249984902634,Low
16703,0.19762552951009232,Low
24994,0.1364682613146599,Low
5717,0.20222182979588854,Low
7071,0.3571468656730257,High
27637,0.24215635835475569,Medium
1591,0.25700586956131133,Medium
19704,0.1837068558569449,Low
29932,0.23757239135859548,Medium
3863,0.08250964902037562,Low
3362,0.1190943267262913,Low
10802,0.7772037693000342,High
15465,0.10745681928453789,Low
26945,0.0983035512272441,Low
17570,0.42755306685159244,High
2244,0.4321331268027833,High
527,0.4063591213719062,High
24017,0.11921207230907616,Low
14738,0.1448023537593976,Low
25615,0.14684162368847284,Low
720,0.19553375012551022,Low
15975,0.23594731611136427,Medium
29718,0.19593741984081156,Low
17339,0.27665518296528335,Medium
27517,0.297919617249101,Medium
5493,0.25074417997503967,Medium
23545,0.0893650217385179,Low
13733,0.04791761046078236,Low
13887,0.10316716231474526,Low
29067,0.2590887469268288,Medium
27532,0.20398054238201102,Low
25983,0.48873557276257185,High
5121,0.12422991981712618,Low
1291,0.2058243987402512,Low
4559,0.25123388015774434,Medium
5108,0.14440677894816206,Low
4935,0.5810970811969893,High
17405,0.22459359129448844,Medium
16388,0.1177166859667057,Low
5590,0.23473156739230105,Medium
5430,0.1999430375972393,Low
8523,0.048307675244996275,Low
9387,0.09911039287420492,Low
26713,0.5982234943877361,High
16359,0.3025929373570724,High
4901,0.24466817054567794,Medium
7417,0.4178521606077638,High
22335,0.2113235642659281,Low
8943,0.16100875986629412,Low
18056,0.23018492661172457,Medium
8699,0.2569755553533679,Medium
19926,0.15338805278145298,Low
21314,0.15273082716923359,Low
27985,0.0871746395048652,Low
25381,0.18907865039528243,Low
3434,0.2480197803061702,Medium
26783,0.16675154349390683,Low
7134,0.16859656116647817,Low
23953,0.3774621463268419,High
24269,0.06370786389784609,Low
22379,0.14623673978861637,Low
28233,0.08743420181142528,Low
1026,0.21581021603754896,Low
22657,0.418252664771221,High
3622,0.21578200192013114,Low
1889,0.4410623927609191,High
12935,0.057444119177055164,Low
3309,0.2164809862785909,Low
4415,0.14329276611337474,Low
18026,0.277209819883588,Medium
18192,0.2649923060886845,Medium
1983,0.21688247334281627,Low
18604,0.22337608699009268,Medium
26867,0.0466777258505301,Low
15143,0.20457442562254446,Low
983,0.013450860511564949,Low
25626,0.0650511994395378,Low
22874,0.016928378334995726,Low
2664,0.21688604288173569,Low
2639,0.21218000043032434,Low
18063,0.7239846013861261,High
29296,0.5143612367227411,High
24524,0.27655412203886537,Medium
1025,0.04316284678434425,Low
27735,0.12417465042755832,Low
28686,0.1765441764093901,Low
19474,0.07605841294869366,Low
27179,0.44780591214679605,High
4964,0.0918527243058078,Low
15670,0.05637344403437231,Low
26856,0.2690722865737589,Medium
9861,0.14653864493103705,Low
12033,0.11142107422072227,Low
5408,0.14224160777823444,Low
10764,0.05379373182394842,Low
7289,0.16663551090678383,Low
8739,0.20856390656743407,Low
27745,0.10766347220044829,Low
18223,0.1903606536839104,Low
8212,0.03462121927261495,Low
24319,0.14158363327138504,Low
11814,0.4415954498340168,High
29020,0.05442775165568601,Low
6141,0.0477479961492866,Low
18240,0.024019403395289424,Low
9555,0.05831712579391291,Low
20751,0.0663883188240278,Low
9527,0.08602143475186874,Low
28644,0.03718745200060895,Low
17807,0.5326379660738042,High
7236,0.23637313389494438,Medium
28232,0.42140725181378924,High
27612,0.233188511516826,Medium
5969,0.11057272182495949,Low
14903,0.13553219590390778,Low
26551,0.2343998129207134,Medium
13253,0.14679653628256475,Low
8700,0.26297942837681865,Medium
28444,0.20333338220825814,Low
6060,0.11795467881092954,Low
2016,0.049596758632399755,Low
6073,0.17205174123861414,Low
3072,0.18411778677753818,Low
18769,0.21503370221678644,Low
27448,0.052393485276943534,Low
22057,0.4052705947665561,High
12154,0.10814778420067304,Low
12904,0.17498890100867145,Low
14129,0.16559359162549697,Low
3160,0.11318935782426451,Low
10761,0.09280809416342399,Low
11791,0.22951672562157638,Medium
21999,0.16409896892940412,Low
26687,0.40798995062946863,High
27465,0.2404430632798949,Medium
23737,0.06774140854154885,Low
26419,0.06407982879697854,Low
7760,0.39234715280354565,High
29261,0.23629464326113742,Medium
1459,0.08447105025358316,Low
2886,0.12546281340485327,Low
29904,0.08972811683398527,Low
15452,0.12207671264793389,Low
16177,0.2384177316879645,Medium
7035,0.2313205528662639,Medium
12282,0.5601762147240756,High
28930,0.14385207000743921,Low
24191,0.12107394768489009,Low
15823,0.25659674061733195,Medium
9192,0.32317762431550184,High
11022,0.08967190677867523,Low
20220,0.19036393546973415,Low
1236,0.2437146478708035,Medium
3814,0.2284827470560505,Medium
565,0.5251153392358212,High
20073,0.18297800960459287,Low
22003,0.12420954444463468,Low
20838,0.0240262706254775,Low
14028,0.25885318636553506,Medium
18255,0.24679049965306962,Medium
3049,0.08790836070100616,Low
19714,0.046355254526656973,Low
13488,0.20961310898995272,Low
24320,0.32827545672062847,High
12017,0.18142631762430833,Low
11771,0.17304433275230868,Low
28322,0.049848185757559664,Low
1349,0.08673591649570381,Low
14126,0.09930286547748281,Low
24173,0.4449675198089655,High
18321,0.19262885675665903,Low
24356,0.12187157184088944,Low
17213,0.24074395048906957,Medium
10617,0.04685632799142749,Low
11837,0.23164059219338204,Medium
27596,0.1771221911608359,Low
21264,0.28293404492089885,Medium
28714,0.1063906582046721,Low
8657,0.9618853762261379,High
11031,0.2767449302277718,Medium
23308,0.1850720066963325,Low
5864,0.051894150232596886,Low
3781,0.05735187427513789,Low
22761,0.03436683508842225,Low
7390,0.18733811664128278,Low
3061,0.18923564363331397,Low
6622,0.5857942017063124,High
20674,0.3036364269535549,High
25385,0.4571719749203183,High
27349,0.057984788341874954,Low
18688,0.5607256016322123,High
10821,0.2094114894690554,Low
642,0.1676827462916349,Low
91,0.6128325430018531,High
978,0.11750899011212675,Low
9883,0.21908399139901208,Low
29842,0.13366295406526035,Low
2037,0.1962425232630773,Low
14674,0.11728477436715488,Low
22511,0.2485391265933334,Medium
25029,0.17542872606318125,Low
13111,0.05359301650693352,Low
18797,0.04073722505755291,Low
8802,0.3143936160200595,High
21309,0.10519934634479898,Low
10687,0.4390784935594366,High
29437,0.45209264846533287,High
13320,0.19787317315498187,Low
3694,0.17336566436966408,Low
27562,0.2760653863804454,Medium
193,0.1005745319101244,Low
2938,0.19706755691392477,Low
142,0.10972332128421469,Low
18534,0.0402488587277896,Low
1771,0.1214356585498539,Low
6273,0.20182974516344393,Low
10743,0.11885957323488863,Low
7576,0.13116477093968,Low
4241,0.12942324789868406,Low
24011,0.18858148214379244,Low
7104,0.09223046769992212,Low
20352,0.20711836035887984,Low
8187,0.1630524557605192,Low
13969,0.34108344790232203,High
9551,0.5749696959609002,High
884,0.23065530939041903,Medium
5320,0.28732581589797745,Medium
693,0.38451334640542495,High
28833,0.06649158086142916,Low
8812,0.1953955065681048,Low
18761,0.09243420998336375,Low
12458,0.2418891241864386,Medium
22286,0.47688503902476564,High
5249,0.26602887115425117,Medium
25655,0.05350370609389347,Low
13801,0.4803782801417576,High
5049,0.5378305966820089,High
3745,0.01941837286498453,Low
5128,0.11697776526877361,Low
6984,0.12759200849055197,Low
11510,0.17882695160465317,Low
4322,0.24870176153209034,Medium
22076,0.24108174995676412,Medium
18082,0.39228498712450643,High
11948,0.11028183182251933,Low
28716,0.004598692013020578,Low
14052,0.09717250086130094,Low
24224,0.0631024329623123,Low
25685,0.19810419098470491,Low
11212,0.4146830835734462,High
27777,0.1843479155356121,Low
5532,0.24701812228940756,Medium
29915,0.16949678746633404,Low
9946,0.03814373745168873,Low
11842,0.18961305674761458,Low
12596,0.23742660955872183,Medium
4503,0.3763031039074454,High
23069,0.05208302029994944,Low
21961,0.7914920891839862,High
9320,0.1844634610937414,Low
16935,0.06654624642116558,Low
20845,0.13352563175497217,Low
4339,0.6883823371096629,High
2134,0.21272530046723362,Low
12865,0.17665118838503915,Low
2142,0.14065177162778966,Low
29812,0.09568012233554601,Low
475,0.12075275086457508,Low
5754,0.042068634606119024,Low
20334,0.21145335337085458,Low
22938,0.0807554447876594,Low
15684,0.394175057242169,High
20010,0.039142884445855716,Low
7188,0.46163454508790147,High
3237,0.218525794411052,Low
4412,0.18975946147618056,Low
4709,0.25878510892811957,Medium
15972,0.1643364922225186,Low
6594,0.23714465153401354,Medium
11205,0.4769781121066356,High
13882,0.3908529500382092,High
13572,0.06772202048539037,Low
16112,0.18247521706414682,Low
25197,0.5865018239544121,High
28481,0.2864773892771797,Medium
4155,0.21797776095183033,Low
14441,0.2822541005654853,Medium
25901,0.08877582288347785,Low
8073,0.1151636647432146,Low
7610,0.11187823737174775,Low
14749,0.12001049942982332,Low
7198,0.23325726932706634,Medium
9352,0.09726589601880838,Low
24767,0.02317426956627965,Low
29028,0.09845711986929073,Low
18884,0.254923128356038,Medium
2627,0.1617242696576731,Low
21963,0.03031415548331759,Low
28531,0.24352258484937217,Medium
17196,0.16133889321668446,Low
27163,0.2117934711651065,Low
27508,0.25242250480431033,Medium
10572,0.10301891810144365,Low
2764,0.23960974859146447,Medium
8833,0.10234628956505777,Low
3046,0.1511727435921521,Low
21902,0.21144401066093493,Low
23462,0.0457404135939926,Low
28070,0.16442934917885688,Low
24928,0.26246831119760894,Medium
1329,0.22192591113598667,Medium
1760,0.26013330173007126,Medium
22914,0.11612652095488304,Low
14072,0.4398265011420353,High
22093,0.16947734087524616,Low
10558,0.2756559214606603,Medium
27850,0.43021269368599524,High
8062,0.1918593336981249,Low
12314,0.21280801527976137,Low
8615,0.1267302696509852,Low
24575,0.22625753347548996,Medium
8600,0.4447655273751487,High
14188,0.21448054486124676,Low
11320,0.2816720798950593,Medium
28658,0.22480992872287908,Medium
28254,0.23891074469078336,Medium
8749,0.19174196132714666,Low
28218,0.1744508834857372,Low
20286,0.06087505873090713,Low
22106,0.08882242154389408,Low
7984,0.04124224832060278,Low
28345,0.26005717518203286,Medium
24521,0.19863421624978797,Low
9767,0.3294401202163243,High
28269,0.27135176626037044,Medium
15271,0.05684594471099292,Low
1395,0.036529553150411224,Low
21046,0.13680149659629992,Low
21204,0.41984987632498927,High
24538,0.26536775363436743,Medium
1822,0.20715128803542246,Low
4661,0.2581156987294113,Medium
24304,0.507996810028813,High
3642,0.09912651512911169,Low
23533,0.42705773273630326,High
14810,0.5829933385794162,High
14504,0.21992888774900782,Low
29431,0.06455141962970294,Low
27665,0.6038637809527748,High
14306,0.3266479917667507,High
15229,0.4271782634413449,High
20837,0.1814659387586955,Low
26644,0.5262271419366408,High
27515,0.06516921692334347,Low
24987,0.2194268771861549,Low
28532,0.6051435337406634,High
15168,0.19203852918168685,Low
26714,0.18199185381364433,Low
4352,0.26531345786546817,Medium
9967,0.14135008850132325,Low
7796,0.15862966071221077,Low
13721,0.18345312587409596,Low
29057,0.5675886825200339,High
27352,0.12980703528070192,Low
3004,0.5740541837417618,High
240,0.2402592712072348,Medium
3895,0.19906888841573425,Low
27507,0.17144921154767503,Low
24728,0.22165414715205126,Medium
24455,0.12711433408250156,Low
15558,0.1824135213047618,Low
8574,0.4787853793432518,High
29964,0.0008153536924214523,Low
6700,0.2940463981584851,Medium
20161,0.08885348014617986,Low
1611,0.2196054640302413,Low
6560,0.19495075354497285,Low
17870,0.11531941513235804,Low
24388,0.10808225198067449,Low
18059,0.9268442389531649,High
20614,0.11686716349099714,Low
14189,0.2185989807025095,Low
9200,0.16075305359178543,Low
11723,0.052080622807779246,Low
24210,0.07332212930786415,Low
12005,0.24500780184480556,Medium
7508,0.10733433204876901,Low
7750,0.10328129135349756,Low
17506,0.08440949804090675,Low
25551,0.12058991923879188,Low
261,0.08366268268108336,Low
18103,0.2295734969166802,Medium
5120,0.11225099376310764,Low
18229,0.7022040794118616,High
14252,0.42113008282199066,High
21827,0.1541980830408521,Low
8471,0.8329601843530184,High
15946,0.17041248549951304,Low
12319,0.7193996955113989,High
16437,0.25856858837559654,Medium
10797,0.1883679910312845,Low
28069,0.17989636423884964,Low
13045,0.14111552484544704,Low
25525,0.24304090651358554,Medium
24463,0.22152731047049945,Medium
21329,0.2812275667141854,Medium
15145,0.1851778598167807,Low
17842,0.12191235475946019,Low
22818,0.04767465814742019,Low
13454,0.24471312252953079,Medium
26052,0.18001046783570968,Low
4036,0.13479611255165236,Low
6163,0.25183726503450116,Medium
14355,0.4098223133737325,High
5637,0.10490695042077533,Low
11966,0.08071400010971443,Low
986,0.27023258608377165,Medium
28813,0.16834102781694618,Low
15019,0.32489047580974717,High
18615,0.46350521928828575,High
15303,0.04677635348390959,Low
16983,0.09788396077129344,Low
22320,0.019955342117977316,Low
5727,0.6261005812454942,High
2423,0.22419671649034967,Medium
15309,0.4805638932909922,High
12351,0.19707389090953742,Low
13146,0.08759410824556357,Low
14346,0.43960171332202536,High
21229,0.24182288692312465,Medium
14606,0.23187368539447592,Medium
13236,0.28533028145890466,Medium
28768,0.24064735537966583,Medium
16122,0.4827761732290998,High
6876,0.4546469934958894,High
29200,0.23787568874687143,Medium
177,0.08874890759967262,Low
1118,0.4058274980675835,High
5104,0.058810920594017664,Low
26597,0.2617355297509592,Medium
15226,0.4456150644285425,High
16713,0.23587017352419556,Medium
4574,0.16639695583119588,Low
8289,0.24625284939564243,Medium
1831,0.237136709765895,Medium
21707,0.20792363725210533,Low
1210,0.14240131826105043,Low
3556,0.2866522695984624,Medium
2207,0.2204781633510516,Medium
13970,0.08927414209345158,Low
13720,0.6511183703877512,High
2083,0.28963440090418485,Medium
17601,0.22918661962308187,Medium
8246,0.052470848004302836,Low
28951,0.2325203514137017,Medium
11851,0.14142991767787264,Low
14563,0.8367329342182405,High
10887,0.23917846546862326,Medium
8856,0.16826189994658516,Low
26968,0.1892701680795938,Low
19960,0.273413782588367,Medium
262,0.2111373161137446,Low
9250,0.16421465860698944,Low
29738,0.4965979155984291,High
3686,0.09367990682459164,Low
15618,0.04605480778941795,Low
21989,0.09465599546806648,Low
5757,0.3315948086935449,High
19703,0.06223533613655399,Low
9589,0.021215051507818685,Low
5501,0.1771074121029368,Low
19729,0.1030387370274841,Low
17775,0.5777216537880192,High
14433,0.20578049436929394,Low
2860,0.21915709053544416,Low
571,0.20867125735918002,Low
27982,0.1814131329749781,Low
22468,0.12863915273004378,Low
15387,0.2625079510994503,Medium
310,0.08642512121419978,Low
312,0.18138972919688798,Low
3426,0.13286435094070553,Low
2724,0.13511901436361035,Low
14812,0.10640953840172368,Low
12403,0.21476232471117584,Low
24733,0.4459200840286565,High
5627,0.4627222423491503,High
6746,0.1695791953912875,Low
13696,0.32517978081735377,High
28669,0.03662755396260912,Low
10491,0.2411800879684358,Medium
5958,0.1721557588526412,Low
913,0.2203777571727097,Medium
16446,0.20732056026752785,Low
10310,0.32850637712203035,High
22282,0.10251722061773536,Low
27315,0.29681846169196224,Medium
8150,0.12175206010949119,Low
15574,0.16215289384222062,Low
13424,0.2505693241991754,Medium
9965,0.1464424935540948,Low
27604,0.1866387828302933,Low
18881,0.04935633608503043,Low
2077,0.15423845343817433,Low
4958,0.2410524829286682,Medium
28761,0.14078877652877764,Low
8582,0.042165982455706935,Low
23232,0.04657840467133876,Low
9021,0.2309739566931737,Medium
11691,0.06015886063025361,Low
21779,0.17756114966371195,Low
17155,0.5970227756894286,High
17550,0.32635142066650197,High
24018,0.10649205234938283,Low
18297,0.4154052218296276,High
19909,0.10927728716257558,Low
27744,0.23628906309019657,Medium
25006,0.19017177431985485,Low
15668,0.1518948292434529,Low
4351,0.11468294037907359,Low
13639,0.14516493918882467,Low
23910,0.24054057171953497,Medium
2734,0.394357821017497,High
20303,0.0588131650499926,Low
15067,0.08573832619279431,Low
25139,0.24281855402388808,Medium
20345,0.2409299758026335,Medium
23458,0.10841505231793552,Low
20725,0.4255639460056083,High
21886,0.3975003562185547,High
4105,0.46036910204339015,High
17736,0.11666459605765639,Low
14788,0.01994911145827317,Low
3261,0.21202122363029866,Low
7214,0.16970229788090438,Low
2048,0.188610249931467,Low
8403,0.11888367147229421,Low
12009,0.23381529874137552,Medium
17061,0.21898440327341898,Low
29758,0.2111884707964905,Low
17244,0.20795222158320759,Low
4956,0.16067518327505992,Low
4704,0.23175627888537947,Medium
11012,0.028067312266235968,Low
13650,0.06646359409130087,Low
9500,0.1889791031043587,Low
7868,0.18322589233621883,Low
22388,0.059842546484622346,Low
5037,0.1195101573763213,Low
27450,0.3012661506103906,High
12634,0.3140292800987301,High
9838,0.1639137692884822,Low
27785,0.15790675668764878,Low
27082,0.2061581442110464,Low
3860,0.6614988805459213,High
3351,0.559452565068895,High
9714,0.3154070577197952,High
17723,0.12630957897335351,Low
10009,0.28990620123854166,Medium
6516,0.25089025793763153,Medium
6245,0.0444537584159503,Low
12661,0.25960252633664394,Medium
23093,0.039067334594288884,Low
3203,0.20202212161115327,Low
28401,0.29948310673167744,Medium
1277,0.04260032847653295,Low
26280,0.25767696106140503,Medium
13277,0.19751049482246955,Low
20864,0.2234375091580603,Medium
22554,0.28867024778978245,Medium
17400,0.19088183876086545,Low
536,0.12394222331917892,Low
23955,0.23534577708726606,Medium
27641,0.23219378251210546,Medium
19990,0.1993791775453823,Low
29390,0.23651670229762745,Medium
18561,0.03523858578773606,Low
24072,0.22103405913825938,Medium
15731,0.15897026869355688,Low
3848,0.1851886933318552,Low
24618,0.42047108677384565,High
14197,0.15816077434823578,Low
12050,0.2370778592465685,Medium
13880,0.10996493295627278,Low
13024,0.18564934592122043,Low
17753,0.2070700181700849,Low
8087,0.10158644851859235,Low
17075,0.12638024138559925,Low
24632,0.14970547955235056,Low
27686,0.2204660658420871,Medium
9961,0.1593856405676146,Low
29705,0.2565470389753481,Medium
6015,0.2697469377121047,Medium
20171,0.2852068586965903,Medium
5338,0.2259928181774521,Medium
13976,0.06660460607128499,Low
2387,0.2479772442626886,Medium
28560,0.18518439312853058,Low
9599,0.08258836131218869,Low
23504,0.0930032885529851,Low
13345,0.13107862107883825,Low
10258,0.11689292383524401,Low
22760,0.7428809258862081,High
2525,0.1236545744587446,Low
14549,0.21356634049642764,Low
29525,0.5181151981935562,High
17523,0.23858173924363438,Medium
27,0.3117702733432728,High
799,0.6090581930169249,High
20986,0.19912062649395867,Low
26533,0.2450534338911229,Medium
159,0.6527151602780037,High
22699,0.05627478339562996,Low
20683,0.27301552701792686,Medium
6859,0.2541230504777905,Medium
26807,0.16408830717392872,Low
16336,0.2554103572647272,Medium
20563,0.13193052965777888,Low
22073,0.18876716487670347,Low
22029,0.06855541578466236,Low
24970,0.5600115842512912,High
28633,0.2219898324056891,Medium
5101,0.060415549037065676,Low
970,0.1707992732618494,Low
26449,0.21157781345054028,Low
16939,0.2711316385586781,Medium
3113,0.18500251826138117,Low
6530,0.21289513178458322,Low
13172,0.0800823730349656,Low
7174,0.14989385619015355,Low
28898,0.04681749145360688,Low
1168,0.23927238764722,Medium
29791,0.10866961085913819,Low
15887,0.12044745825665255,Low
29614,0.19885553294358468,Low
21042,0.2253450373212855,Medium
28362,0.11742689468408042,Low
25568,0.01065312971723759,Low
16857,0.5864148143910369,High
21563,0.1961926215673814,Low
18847,0.18480099174843623,Low
2629,0.09360639973208745,Low
14398,0.6393362075586375,High
17364,0.7523110459832268,High
2160,0.07539746937918065,Low
5282,0.23127726661268422,Medium
233,0.1554363240906612,Low
17994,0.19064192336766628,Low
24647,0.24511937647948903,Medium
3809,0.1685866721540834,Low
23614,0.2622953164536347,Medium
29936,0.17146902885073367,Low
17938,0.08137221868846015,Low
19281,0.051866226255186505,Low
7099,0.21079387265231353,Low
1273,0.09051203066974495,Low
25194,0.45407852817765243,High
2977,0.15761961798536445,Low
9762,0.22142173067687299,Medium
9111,0.6077720122522655,High
3119,0.2364339031179858,Medium
27203,0.22732170752709022,Medium
21212,0.18404346095913757,Low
14544,0.17673755561842283,Low
29969,0.22999880842093412,Medium
29681,0.4601216950129092,High
26977,0.05595482225231104,Low
6047,0.14632919622800308,Low
18224,0.36594593646154244,High
23290,0.043189034833754095,Low
5494,0.2557804084740276,Medium
22000,0.17693630250928524,Low
10996,0.056615283240474976,Low
12610,0.6092099167118786,High
1475,0.1684059476809939,Low
15103,0.427563545625573,High
21411,0.4261751284092757,High
28497,0.12603209581529112,Low
26516,0.2035037418835511,Low
23882,0.11034907976972254,Low
21338,0.16439640822623233,Low
18183,0.04259903291772341,Low
28237,0.04336321232796926,Low
4708,0.4510413135442931,High
28317,0.12462702052123616,Low
3242,0.5028632903208433,High
23576,0.0645897272990506,Low
5765,0.13224503622706155,Low
24003,0.16399024446727284,Low
18854,0.22490703546905266,Medium
29008,0.1714306047436245,Low
29071,0.05426983545552088,Low
206,0.1491045069494413,Low
3841,0.24408832683560727,Medium
20483,0.018440501778820544,Low
9096,0.28183853239073514,Medium
11712,0.15300214119995223,Low
3200,0.16861750670259842,Low
2152,0.11551345888169391,Low
22530,0.40185918077495536,High
12280,0.12427187555922167,Low
8117,0.12545588880325456,Low
18164,0.2684528563431799,Medium
16499,0.2396402090366479,Medium
1247,0.647206444777544,High
1483,0.14681691782163528,Low
4849,0.22733458764248798,Medium
3263,0.13619172784784103,Low
15661,0.2516708188426636,Medium
27025,0.4342317249815545,High
4846,0.11184405541969715,Low
7063,0.1330186917580883,Low
20449,0.09790436570682255,Low
17582,0.5631104963165735,High
17445,0.27353728977674796,Medium
4814,0.22903012953105376,Medium
10079,0.20842381185695086,Low
18463,0.2212530690101945,Medium
25223,0.10844313776798822,Low
711,0.3120025915178318,High
23790,0.3367434472554261,High
23896,0.40646319066244974,High
5955,0.17820324169506035,Low
6572,0.24035794142788244,Medium
19913,0.212591062173035,Low
28105,0.34938555548318656,High
1601,0.1094141387008006,Low
4950,0.2185825646779735,Low
2164,0.2829990344447268,Medium
19574,0.20313110734899978,Low
5066,0.2837128891267365,Medium
27199,0.35879028489182785,High
15654,0.11580615151297091,Low
6443,0.0500969516494373,Low
28203,0.11377208683761926,Low
26917,0.528436847924514,High
28750,0.045649254354210154,Low
1484,0.10534928912070157,Low
6038,0.08915352451389721,Low
1969,0.5559889561472906,High
26954,0.22716490556233568,Medium
24376,0.11101601961456088,Low
13954,0.08254852744810678,Low
7803,0.5783930463587257,High
27983,0.20819684395278362,Low
14514,2.1384617287148535e-05,Low
23173,0.1237291568131799,Low
25663,0.23985852233137595,Medium
14652,0.11609128236572866,Low
27980,0.09967038845703426,Low
6037,0.11385483093420141,Low
1643,0.24766273984973527,Medium
12028,0.08348719622272205,Low
12488,0.05939114296493538,Low
5500,0.017467716037928408,Low
26152,0.07147700218011004,Low
14915,0.6235263634202706,High
17208,0.6244521792002093,High
29616,0.3828979433547083,High
21664,0.22654425463122513,Medium
18626,0.4189090051530833,High
16088,0.05356002289660418,Low
29019,0.06695379748569524,Low
20714,0.19102146191379432,Low
20723,0.45703144568466414,High
9852,0.12454622310429347,Low
20381,0.2351767483890455,Medium
12554,0.1095365925404802,Low
12951,0.10602753777727122,Low
2919,0.156515727590859,Low
19505,0.04434686475711108,Low
19565,0.13551891551381975,Low
17402,0.1257817355389135,Low
7299,0.28263162681972676,Medium
20491,0.29574929655062304,Medium
1735,0.060211808353281056,Low
1744,0.106856340898299,Low
21047,0.3513774094438167,High
22447,0.05494023524345929,Low
25492,0.10008296402515801,Low
12354,0.5177768250569497,High
3157,0.4910149857549877,High
18804,0.13784950601314705,Low
18163,0.13524631756333744,Low
25553,0.19528168587562536,Low
18607,0.29858077613459927,Medium
20571,0.23372334950173046,Medium
19979,0.04610663229560491,Low
28161,0.1077139570530159,Low
18118,0.1892829546341114,Low
27474,0.6018446570339075,High
26926,0.5542305882261669,High
23693,0.11651443532412385,Low
22617,0.23192581467718187,Medium
17103,0.20206896468622426,Low
13485,0.4906281763559372,High
15860,0.20531670735862176,Low
14341,0.5845061926055776,High
8570,0.09427101146187629,Low
6014,0.20551736879373403,Low
2117,0.10739044892825493,Low
20747,0.26037504285628127,Medium
18560,0.20001069978347477,Low
25980,0.033053088539872606,Low
19718,0.06998115812326514,Low
13990,0.1146463317148628,Low
961,0.3662955348711692,High
17414,0.6038553512642018,High
25299,0.443687245581662,High
22028,0.20615598466580842,Low
4535,0.19337354129954606,Low
11433,0.2133560017977055,Low
25002,0.032358561978314854,Low
20187,0.19619851517568584,Low
6515,0.2295806199232741,Medium
16891,0.021204936020288404,Low
3213,0.2089987485045122,Low
1010,0.1419000977057523,Low
21311,0.4876905751173461,High
16690,0.5929956137192524,High
15021,0.470099979596773,High
2269,0.6609787215728027,High
8352,0.11290351943615877,Low
29190,0.32137905919317167,High
15889,0.28307114954414403,Medium
15498,0.478135031278757,High
6599,0.19443967187263825,Low
5834,0.4519014642532676,High
26247,0.42503029411672366,High
8542,0.10490435898119936,Low
28268,0.23078958193926094,Medium
20900,0.2677605464963458,Medium
29970,0.19188507153740555,Low
15936,0.6220191957238304,High
6537,0.19402011897490654,Low
633,0.23103205604600566,Medium
17951,0.6205541574359448,High
10104,0.14347433531211132,Low
26249,0.11532206080053188,Low
6836,0.19625224185993811,Low
22201,0.23665263081800614,Medium
10838,0.2346489729445857,Medium
2711,0.07938353820964336,Low
26571,0.09383442477413499,Low
26022,0.030911068941552305,Low
29527,0.20264466596991526,Low
17740,0.22722721581917724,Medium
25883,0.21476270340516207,Low
28650,0.04278920144844989,Low
15514,0.14413193105787223,Low
24998,0.10247936556529057,Low
6658,0.5134433938256215,High
29684,0.0570201755310694,Low
7114,0.22709485478365496,Medium
12321,0.26211367060044577,Medium
23749,0.221861065733414,Medium
20535,0.2275052655951978,Medium
24708,0.05526880297913312,Low
12681,0.1177666754598573,Low
24623,0.2280622083813225,Medium
11785,0.3430190460806072,High
26117,0.2206386054244572,Medium
18703,0.17225345171488196,Low
2748,0.17422105390522977,Low
28424,0.17173022367872132,Low
7517,0.27677015709738306,Medium
13154,0.47483774323465683,High
9329,0.6801830345801543,High
3476,0.23653242136916708,Medium
15965,0.5528327114570964,High
28499,0.08947921208432462,Low
9891,0.13326132195865842,Low
11722,0.07459076194922284,Low
2569,0.3094182710278446,High
11756,0.09741707511203501,Low
10314,0.2483335311627195,Medium
16858,0.24590964506025642,Medium
17238,0.20759632493234967,Low
23177,0.15866367605598178,Low
1385,0.21209703525536783,Low
28705,0.1235382632876746,Low
19643,0.04599484960602823,Low
27111,0.28644963553726016,Medium
20399,0.7344953647747607,High
729,0.08121204279938683,Low
14935,0.2729938230280622,Medium
27996,0.10609494782754653,Low
27614,0.3751701255196506,High
9107,0.2687593456135271,Medium
15199,0.15283242721734572,Low
5692,0.027441268589183304,Low
15869,0.1648258327584614,Low
15224,0.0662885799597455,Low
6338,0.4966952095395486,High
10462,0.12060172419420505,Low
4808,0.21616150509981957,Low
28933,0.15994631409649868,Low
6972,0.17141006217991395,Low
13784,0.9142019947536234,High
7506,0.3722208491823424,High
3439,0.1035848866712538,Low
1732,0.06905701132252387,Low
4517,0.22277541863836847,Medium
7692,0.17642527152944557,Low
6354,0.2934502768361232,Medium
18018,0.22206915821214374,Medium
26733,0.04197023615659749,Low
11524,0.2034128546769541,Low
11099,0.49000437909912425,High
12055,0.345854710309072,High
5920,0.11511671674251028,Low
13523,0.04771072768041113,Low
16378,0.22009532413487107,Medium
28395,0.04643785372067226,Low
27680,0.14997801263849747,Low
3583,0.12341089812094504,Low
27342,0.09452109360624701,Low
12442,0.09216376149923812,Low
1000,0.461652111912137,High
26380,0.25390520746395767,Medium
4285,0.23689058719565978,Medium
25918,0.09704181314664889,Low
15321,0.049188143003416944,Low
13826,0.13890560705764735,Low
12679,0.53722621408968,High
1390,0.24428189083053042,Medium
268,0.17180927082903244,Low
12687,0.1634888545741478,Low
18484,0.22968851211177985,Medium
5941,0.21865447225923643,Low
17544,0.2467628791452144,Medium
13101,0.5027211477357716,High
1039,0.1830408854574207,Low
7714,0.1818957689333379,Low
2703,0.19170193805545718,Low
19709,0.17169661498563493,Low
6474,0.1127712468559581,Low
27844,0.36115954384022775,High
20968,0.8670344670259715,High
14718,0.542844450588553,High
16453,0.22591868203990778,Medium
600,0.12203010145102569,Low
10523,0.2037283084814702,Low
221,0.516842678101273,High
22525,0.16797157361027332,Low
28430,0.3313396464991115,High
8302,0.21879628365362627,Low
17421,0.43493956228462727,High
1449,0.23742576427410578,Medium
4965,0.13325372333146912,Low
5284,0.1345910018228169,Low
22169,0.5191391590052457,High
11406,0.088834271351271,Low
8092,0.26758779164545693,Medium
8575,0.2890898231436948,Medium
14755,0.21833004769323314,Low
13679,0.2675826519523202,Medium
28572,0.14293582769973343,Low
1216,0.14956077674869928,Low
27934,0.13829731735250406,Low
26624,0.23024304461616918,Medium
21751,0.17563015543894422,Low
14889,0.2473456767104077,Medium
20706,0.2603487610758511,Medium
